Customer ID,Customer_ID,recency_days,frequency,monetary,row_count,avg_revenue,return_rate,outlier_rate
THA-01-001,THA-01-001,0.0,1.0,0.0,1.0,0.0,0.0,0.0
THA-01-002,THA-01-002,0.0,1.0,0.0,1.0,0.0,0.0,0.0
THA-01-003,THA-01-003,0.0,1.0,0.0,1.0,0.0,0.0,0.0
THA-01-004,THA-01-004,0.0,1.0,0.0,1.0,0.0,0.0,0.0
THA-01-005,THA-01-005,0.0,1.0,0.0,1.0,0.0,0.0,0.0
THA-01-006,THA-01-006,0.0,1.0,0.0,1.0,0.0,0.0,0.0
THA-01-007,THA-01-007,0.0,1.0,0.0,1.0,0.0,0.0,0.0
THA-01-008,THA-01-008,0.0,1.0,0.0,1.0,0.0,0.0,0.0
THA-01-009,THA-01-009,0.0,1.0,0.0,1.0,0.0,0.0,0.0
THA-01-010,THA-01-010,0.0,1.0,0.0,1.0,0.0,0.0,0.0
THA-02-001,THA-02-001,0.0,1.0,0.0,1.0,0.0,0.0,0.0
THA-02-002,THA-02-002,0.0,1.0,0.0,1.0,0.0,0.0,0.0
THA-02-003,THA-02-003,0.0,1.0,0.0,1.0,0.0,0.0,0.0
THA-02-004,THA-02-004,0.0,1.0,0.0,1.0,0.0,0.0,0.0
THA-02-005,THA-02-005,0.0,1.0,0.0,1.0,0.0,0.0,0.0
THA-02-006,THA-02-006,0.0,1.0,0.0,1.0,0.0,0.0,0.0
THA-02-007,THA-02-007,0.0,1.0,0.0,1.0,0.0,0.0,0.0
THA-02-008,THA-02-008,0.0,1.0,0.0,1.0,0.0,0.0,0.0
THA-02-009,THA-02-009,0.0,1.0,0.0,1.0,0.0,0.0,0.0
THA-02-010,THA-02-010,0.0,1.0,0.0,1.0,0.0,0.0,0.0
THA-03-001,THA-03-001,0.0,1.0,0.0,1.0,0.0,0.0,0.0
THA-03-002,THA-03-002,0.0,1.0,0.0,1.0,0.0,0.0,0.0
THA-03-003,THA-03-003,0.0,1.0,0.0,1.0,0.0,0.0,0.0
THA-03-004,THA-03-004,0.0,1.0,0.0,1.0,0.0,0.0,0.0
THA-03-005,THA-03-005,0.0,1.0,0.0,1.0,0.0,0.0,0.0
THA-03-006,THA-03-006,0.0,1.0,0.0,1.0,0.0,0.0,0.0
THA-03-007,THA-03-007,0.0,1.0,0.0,1.0,0.0,0.0,0.0
THA-03-008,THA-03-008,0.0,1.0,0.0,1.0,0.0,0.0,0.0
THA-03-009,THA-03-009,0.0,1.0,0.0,1.0,0.0,0.0,0.0
THA-03-010,THA-03-010,0.0,1.0,0.0,1.0,0.0,0.0,0.0
THA-04-001,THA-04-001,0.0,1.0,0.0,1.0,0.0,0.0,0.0
THA-04-002,THA-04-002,0.0,1.0,0.0,1.0,0.0,0.0,0.0
THA-04-003,THA-04-003,0.0,1.0,0.0,1.0,0.0,0.0,0.0
THA-04-004,THA-04-004,0.0,1.0,0.0,1.0,0.0,0.0,0.0
THA-04-005,THA-04-005,0.0,1.0,0.0,1.0,0.0,0.0,0.0
THA-04-006,THA-04-006,0.0,1.0,0.0,1.0,0.0,0.0,0.0
THA-04-007,THA-04-007,0.0,1.0,0.0,1.0,0.0,0.0,0.0
THA-04-008,THA-04-008,0.0,1.0,0.0,1.0,0.0,0.0,0.0
THA-04-009,THA-04-009,0.0,1.0,0.0,1.0,0.0,0.0,0.0
THA-04-010,THA-04-010,0.0,1.0,0.0,1.0,0.0,0.0,0.0
THA-05-001,THA-05-001,0.0,1.0,0.0,1.0,0.0,0.0,0.0
THA-05-002,THA-05-002,0.0,1.0,0.0,1.0,0.0,0.0,0.0
THA-05-003,THA-05-003,0.0,1.0,0.0,1.0,0.0,0.0,0.0
THA-05-004,THA-05-004,0.0,1.0,0.0,1.0,0.0,0.0,0.0
THA-05-005,THA-05-005,0.0,1.0,0.0,1.0,0.0,0.0,0.0
THA-05-006,THA-05-006,0.0,1.0,0.0,1.0,0.0,0.0,0.0
THA-05-007,THA-05-007,0.0,1.0,0.0,1.0,0.0,0.0,0.0
THA-05-008,THA-05-008,0.0,1.0,0.0,1.0,0.0,0.0,0.0
THA-05-009,THA-05-009,0.0,1.0,0.0,1.0,0.0,0.0,0.0
THA-05-010,THA-05-010,0.0,1.0,0.0,1.0,0.0,0.0,0.0
THA-06-001,THA-06-001,0.0,1.0,0.0,1.0,0.0,0.0,0.0
THA-06-002,THA-06-002,0.0,1.0,0.0,1.0,0.0,0.0,0.0
THA-06-003,THA-06-003,0.0,1.0,0.0,1.0,0.0,0.0,0.0
THA-06-004,THA-06-004,0.0,1.0,0.0,1.0,0.0,0.0,0.0
THA-06-005,THA-06-005,0.0,1.0,0.0,1.0,0.0,0.0,0.0
THA-06-006,THA-06-006,0.0,1.0,0.0,1.0,0.0,0.0,0.0
THA-06-007,THA-06-007,0.0,1.0,0.0,1.0,0.0,0.0,0.0
THA-06-008,THA-06-008,0.0,1.0,0.0,1.0,0.0,0.0,0.0
THA-06-009,THA-06-009,0.0,1.0,0.0,1.0,0.0,0.0,0.0
THA-06-010,THA-06-010,0.0,1.0,0.0,1.0,0.0,0.0,0.0
THA-07-001,THA-07-001,0.0,1.0,0.0,1.0,0.0,0.0,0.0
THA-07-002,THA-07-002,0.0,1.0,0.0,1.0,0.0,0.0,0.0
THA-07-003,THA-07-003,0.0,1.0,0.0,1.0,0.0,0.0,0.0
THA-07-004,THA-07-004,0.0,1.0,0.0,1.0,0.0,0.0,0.0
THA-07-005,THA-07-005,0.0,1.0,0.0,1.0,0.0,0.0,0.0
THA-07-006,THA-07-006,0.0,1.0,0.0,1.0,0.0,0.0,0.0
THA-07-007,THA-07-007,0.0,1.0,0.0,1.0,0.0,0.0,0.0
THA-07-008,THA-07-008,0.0,1.0,0.0,1.0,0.0,0.0,0.0
THA-07-009,THA-07-009,0.0,1.0,0.0,1.0,0.0,0.0,0.0
THA-07-010,THA-07-010,0.0,1.0,0.0,1.0,0.0,0.0,0.0
THA-08-001,THA-08-001,0.0,1.0,0.0,1.0,0.0,0.0,0.0
THA-08-002,THA-08-002,0.0,1.0,0.0,1.0,0.0,0.0,0.0
THA-08-003,THA-08-003,0.0,1.0,0.0,1.0,0.0,0.0,0.0
THA-08-004,THA-08-004,0.0,1.0,0.0,1.0,0.0,0.0,0.0
THA-08-005,THA-08-005,0.0,1.0,0.0,1.0,0.0,0.0,0.0
THA-08-006,THA-08-006,0.0,1.0,0.0,1.0,0.0,0.0,0.0
THA-08-007,THA-08-007,0.0,1.0,0.0,1.0,0.0,0.0,0.0
THA-08-008,THA-08-008,0.0,1.0,0.0,1.0,0.0,0.0,0.0
THA-08-009,THA-08-009,0.0,1.0,0.0,1.0,0.0,0.0,0.0
THA-08-010,THA-08-010,0.0,1.0,0.0,1.0,0.0,0.0,0.0
THA-09-001,THA-09-001,0.0,1.0,0.0,1.0,0.0,0.0,0.0
THA-09-002,THA-09-002,0.0,1.0,0.0,1.0,0.0,0.0,0.0
THA-09-003,THA-09-003,0.0,1.0,0.0,1.0,0.0,0.0,0.0
THA-09-004,THA-09-004,0.0,1.0,0.0,1.0,0.0,0.0,0.0
THA-09-005,THA-09-005,0.0,1.0,0.0,1.0,0.0,0.0,0.0
THA-09-006,THA-09-006,0.0,1.0,0.0,1.0,0.0,0.0,0.0
THA-09-007,THA-09-007,0.0,1.0,0.0,1.0,0.0,0.0,0.0
THA-09-008,THA-09-008,0.0,1.0,0.0,1.0,0.0,0.0,0.0
THA-09-009,THA-09-009,0.0,1.0,0.0,1.0,0.0,0.0,0.0
THA-09-010,THA-09-010,0.0,1.0,0.0,1.0,0.0,0.0,0.0
THA-10-001,THA-10-001,0.0,1.0,0.0,1.0,0.0,0.0,0.0
THA-10-002,THA-10-002,0.0,1.0,0.0,1.0,0.0,0.0,0.0
THA-10-003,THA-10-003,0.0,1.0,0.0,1.0,0.0,0.0,0.0
THA-10-004,THA-10-004,0.0,1.0,0.0,1.0,0.0,0.0,0.0
THA-10-005,THA-10-005,0.0,1.0,0.0,1.0,0.0,0.0,0.0
THA-10-006,THA-10-006,0.0,1.0,0.0,1.0,0.0,0.0,0.0
THA-10-007,THA-10-007,0.0,1.0,0.0,1.0,0.0,0.0,0.0
THA-10-008,THA-10-008,0.0,1.0,0.0,1.0,0.0,0.0,0.0
THA-10-009,THA-10-009,0.0,1.0,0.0,1.0,0.0,0.0,0.0
THA-10-010,THA-10-010,0.0,1.0,0.0,1.0,0.0,0.0,0.0
THA-11-001,THA-11-001,0.0,1.0,0.0,1.0,0.0,0.0,0.0
THA-11-002,THA-11-002,0.0,1.0,0.0,1.0,0.0,0.0,0.0
THA-11-003,THA-11-003,0.0,1.0,0.0,1.0,0.0,0.0,0.0
THA-11-004,THA-11-004,0.0,1.0,0.0,1.0,0.0,0.0,0.0
THA-11-005,THA-11-005,0.0,1.0,0.0,1.0,0.0,0.0,0.0
THA-11-006,THA-11-006,0.0,1.0,0.0,1.0,0.0,0.0,0.0
THA-11-007,THA-11-007,0.0,1.0,0.0,1.0,0.0,0.0,0.0
THA-11-008,THA-11-008,0.0,1.0,0.0,1.0,0.0,0.0,0.0
THA-11-009,THA-11-009,0.0,1.0,0.0,1.0,0.0,0.0,0.0
THA-11-010,THA-11-010,0.0,1.0,0.0,1.0,0.0,0.0,0.0
THA-12-001,THA-12-001,0.0,1.0,0.0,1.0,0.0,0.0,0.0
THA-12-002,THA-12-002,0.0,1.0,0.0,1.0,0.0,0.0,0.0
THA-12-003,THA-12-003,0.0,1.0,0.0,1.0,0.0,0.0,0.0
THA-12-004,THA-12-004,0.0,1.0,0.0,1.0,0.0,0.0,0.0
THA-12-005,THA-12-005,0.0,1.0,0.0,1.0,0.0,0.0,0.0
THA-12-006,THA-12-006,0.0,1.0,0.0,1.0,0.0,0.0,0.0
THA-12-007,THA-12-007,0.0,1.0,0.0,1.0,0.0,0.0,0.0
THA-12-008,THA-12-008,0.0,1.0,0.0,1.0,0.0,0.0,0.0
THA-12-009,THA-12-009,0.0,1.0,0.0,1.0,0.0,0.0,0.0
THA-12-010,THA-12-010,0.0,1.0,0.0,1.0,0.0,0.0,0.0
THA-13-001,THA-13-001,0.0,1.0,0.0,1.0,0.0,0.0,0.0
THA-13-002,THA-13-002,0.0,1.0,0.0,1.0,0.0,0.0,0.0
THA-13-003,THA-13-003,0.0,1.0,0.0,1.0,0.0,0.0,0.0
THA-13-004,THA-13-004,0.0,1.0,0.0,1.0,0.0,0.0,0.0
THA-13-005,THA-13-005,0.0,1.0,0.0,1.0,0.0,0.0,0.0
THA-13-006,THA-13-006,0.0,1.0,0.0,1.0,0.0,0.0,0.0
THA-13-007,THA-13-007,0.0,1.0,0.0,1.0,0.0,0.0,0.0
THA-13-008,THA-13-008,0.0,1.0,0.0,1.0,0.0,0.0,0.0
THA-13-009,THA-13-009,0.0,1.0,0.0,1.0,0.0,0.0,0.0
THA-13-010,THA-13-010,0.0,1.0,0.0,1.0,0.0,0.0,0.0
THA-14-001,THA-14-001,0.0,1.0,0.0,1.0,0.0,0.0,0.0
THA-14-002,THA-14-002,0.0,1.0,0.0,1.0,0.0,0.0,0.0
THA-14-003,THA-14-003,0.0,1.0,0.0,1.0,0.0,0.0,0.0
THA-14-004,THA-14-004,0.0,1.0,0.0,1.0,0.0,0.0,0.0
THA-14-005,THA-14-005,0.0,1.0,0.0,1.0,0.0,0.0,0.0
THA-14-006,THA-14-006,0.0,1.0,0.0,1.0,0.0,0.0,0.0
THA-14-007,THA-14-007,0.0,1.0,0.0,1.0,0.0,0.0,0.0
THA-14-008,THA-14-008,0.0,1.0,0.0,1.0,0.0,0.0,0.0
THA-14-009,THA-14-009,0.0,1.0,0.0,1.0,0.0,0.0,0.0
THA-14-010,THA-14-010,0.0,1.0,0.0,1.0,0.0,0.0,0.0
THA-15-001,THA-15-001,0.0,1.0,0.0,1.0,0.0,0.0,0.0
THA-15-002,THA-15-002,0.0,1.0,0.0,1.0,0.0,0.0,0.0
THA-15-003,THA-15-003,0.0,1.0,0.0,1.0,0.0,0.0,0.0
THA-15-004,THA-15-004,0.0,1.0,0.0,1.0,0.0,0.0,0.0
THA-15-005,THA-15-005,0.0,1.0,0.0,1.0,0.0,0.0,0.0
THA-15-006,THA-15-006,0.0,1.0,0.0,1.0,0.0,0.0,0.0
THA-15-007,THA-15-007,0.0,1.0,0.0,1.0,0.0,0.0,0.0
THA-15-008,THA-15-008,0.0,1.0,0.0,1.0,0.0,0.0,0.0
THA-15-009,THA-15-009,0.0,1.0,0.0,1.0,0.0,0.0,0.0
THA-15-010,THA-15-010,0.0,1.0,0.0,1.0,0.0,0.0,0.0
THA-16-001,THA-16-001,0.0,1.0,0.0,1.0,0.0,0.0,0.0
THA-16-002,THA-16-002,0.0,1.0,0.0,1.0,0.0,0.0,0.0
THA-16-003,THA-16-003,0.0,1.0,0.0,1.0,0.0,0.0,0.0
THA-16-004,THA-16-004,0.0,1.0,0.0,1.0,0.0,0.0,0.0
THA-16-005,THA-16-005,0.0,1.0,0.0,1.0,0.0,0.0,0.0
THA-16-006,THA-16-006,0.0,1.0,0.0,1.0,0.0,0.0,0.0
THA-16-007,THA-16-007,0.0,1.0,0.0,1.0,0.0,0.0,0.0
THA-16-008,THA-16-008,0.0,1.0,0.0,1.0,0.0,0.0,0.0
THA-16-009,THA-16-009,0.0,1.0,0.0,1.0,0.0,0.0,0.0
THA-16-010,THA-16-010,0.0,1.0,0.0,1.0,0.0,0.0,0.0
THA-17-001,THA-17-001,0.0,1.0,0.0,1.0,0.0,0.0,0.0
THA-17-002,THA-17-002,0.0,1.0,0.0,1.0,0.0,0.0,0.0
THA-17-003,THA-17-003,0.0,1.0,0.0,1.0,0.0,0.0,0.0
THA-17-004,THA-17-004,0.0,1.0,0.0,1.0,0.0,0.0,0.0
THA-17-005,THA-17-005,0.0,1.0,0.0,1.0,0.0,0.0,0.0
THA-17-006,THA-17-006,0.0,1.0,0.0,1.0,0.0,0.0,0.0
THA-17-007,THA-17-007,0.0,1.0,0.0,1.0,0.0,0.0,0.0
THA-17-008,THA-17-008,0.0,1.0,0.0,1.0,0.0,0.0,0.0
THA-17-009,THA-17-009,0.0,1.0,0.0,1.0,0.0,0.0,0.0
THA-17-010,THA-17-010,0.0,1.0,0.0,1.0,0.0,0.0,0.0
THA-18-001,THA-18-001,0.0,1.0,0.0,1.0,0.0,0.0,0.0
THA-18-002,THA-18-002,0.0,1.0,0.0,1.0,0.0,0.0,0.0
THA-18-003,THA-18-003,0.0,1.0,0.0,1.0,0.0,0.0,0.0
THA-18-004,THA-18-004,0.0,1.0,0.0,1.0,0.0,0.0,0.0
THA-18-005,THA-18-005,0.0,1.0,0.0,1.0,0.0,0.0,0.0
THA-18-006,THA-18-006,0.0,1.0,0.0,1.0,0.0,0.0,0.0
THA-18-007,THA-18-007,0.0,1.0,0.0,1.0,0.0,0.0,0.0
THA-18-008,THA-18-008,0.0,1.0,0.0,1.0,0.0,0.0,0.0
THA-18-009,THA-18-009,0.0,1.0,0.0,1.0,0.0,0.0,0.0
THA-18-010,THA-18-010,0.0,1.0,0.0,1.0,0.0,0.0,0.0
THA-19-001,THA-19-001,0.0,1.0,0.0,1.0,0.0,0.0,0.0
THA-19-002,THA-19-002,0.0,1.0,0.0,1.0,0.0,0.0,0.0
THA-19-003,THA-19-003,0.0,1.0,0.0,1.0,0.0,0.0,0.0
THA-19-004,THA-19-004,0.0,1.0,0.0,1.0,0.0,0.0,0.0
THA-19-005,THA-19-005,0.0,1.0,0.0,1.0,0.0,0.0,0.0
THA-19-006,THA-19-006,0.0,1.0,0.0,1.0,0.0,0.0,0.0
THA-19-007,THA-19-007,0.0,1.0,0.0,1.0,0.0,0.0,0.0
THA-19-008,THA-19-008,0.0,1.0,0.0,1.0,0.0,0.0,0.0
THA-19-009,THA-19-009,0.0,1.0,0.0,1.0,0.0,0.0,0.0
THA-19-010,THA-19-010,0.0,1.0,0.0,1.0,0.0,0.0,0.0
THA-20-001,THA-20-001,0.0,1.0,0.0,1.0,0.0,0.0,0.0
THA-20-002,THA-20-002,0.0,1.0,0.0,1.0,0.0,0.0,0.0
THA-20-003,THA-20-003,0.0,1.0,0.0,1.0,0.0,0.0,0.0
THA-20-004,THA-20-004,0.0,1.0,0.0,1.0,0.0,0.0,0.0
THA-20-005,THA-20-005,0.0,1.0,0.0,1.0,0.0,0.0,0.0
THA-20-006,THA-20-006,0.0,1.0,0.0,1.0,0.0,0.0,0.0
THA-20-007,THA-20-007,0.0,1.0,0.0,1.0,0.0,0.0,0.0
THA-20-008,THA-20-008,0.0,1.0,0.0,1.0,0.0,0.0,0.0
THA-20-009,THA-20-009,0.0,1.0,0.0,1.0,0.0,0.0,0.0
THA-20-010,THA-20-010,0.0,1.0,0.0,1.0,0.0,0.0,0.0
THA-21-001,THA-21-001,0.0,1.0,0.0,1.0,0.0,0.0,0.0
THA-21-002,THA-21-002,0.0,1.0,0.0,1.0,0.0,0.0,0.0
THA-21-003,THA-21-003,0.0,1.0,0.0,1.0,0.0,0.0,0.0
THA-21-004,THA-21-004,0.0,1.0,0.0,1.0,0.0,0.0,0.0
THA-21-005,THA-21-005,0.0,1.0,0.0,1.0,0.0,0.0,0.0
THA-21-006,THA-21-006,0.0,1.0,0.0,1.0,0.0,0.0,0.0
THA-21-007,THA-21-007,0.0,1.0,0.0,1.0,0.0,0.0,0.0
THA-21-008,THA-21-008,0.0,1.0,0.0,1.0,0.0,0.0,0.0
THA-21-009,THA-21-009,0.0,1.0,0.0,1.0,0.0,0.0,0.0
THA-21-010,THA-21-010,0.0,1.0,0.0,1.0,0.0,0.0,0.0
THA-22-001,THA-22-001,0.0,1.0,0.0,1.0,0.0,0.0,0.0
THA-22-002,THA-22-002,0.0,1.0,0.0,1.0,0.0,0.0,0.0
THA-22-003,THA-22-003,0.0,1.0,0.0,1.0,0.0,0.0,0.0
THA-22-004,THA-22-004,0.0,1.0,0.0,1.0,0.0,0.0,0.0
THA-22-005,THA-22-005,0.0,1.0,0.0,1.0,0.0,0.0,0.0
THA-22-006,THA-22-006,0.0,1.0,0.0,1.0,0.0,0.0,0.0
THA-22-007,THA-22-007,0.0,1.0,0.0,1.0,0.0,0.0,0.0
THA-22-008,THA-22-008,0.0,1.0,0.0,1.0,0.0,0.0,0.0
THA-22-009,THA-22-009,0.0,1.0,0.0,1.0,0.0,0.0,0.0
THA-22-010,THA-22-010,0.0,1.0,0.0,1.0,0.0,0.0,0.0
THA-23-001,THA-23-001,0.0,1.0,0.0,1.0,0.0,0.0,0.0
THA-23-002,THA-23-002,0.0,1.0,0.0,1.0,0.0,0.0,0.0
THA-23-003,THA-23-003,0.0,1.0,0.0,1.0,0.0,0.0,0.0
THA-23-004,THA-23-004,0.0,1.0,0.0,1.0,0.0,0.0,0.0
THA-23-005,THA-23-005,0.0,1.0,0.0,1.0,0.0,0.0,0.0
THA-23-006,THA-23-006,0.0,1.0,0.0,1.0,0.0,0.0,0.0
THA-23-007,THA-23-007,0.0,1.0,0.0,1.0,0.0,0.0,0.0
THA-23-008,THA-23-008,0.0,1.0,0.0,1.0,0.0,0.0,0.0
THA-23-009,THA-23-009,0.0,1.0,0.0,1.0,0.0,0.0,0.0
THA-23-010,THA-23-010,0.0,1.0,0.0,1.0,0.0,0.0,0.0
THA-24-001,THA-24-001,0.0,1.0,0.0,1.0,0.0,0.0,0.0
THA-24-002,THA-24-002,0.0,1.0,0.0,1.0,0.0,0.0,0.0
THA-24-003,THA-24-003,0.0,1.0,0.0,1.0,0.0,0.0,0.0
THA-24-004,THA-24-004,0.0,1.0,0.0,1.0,0.0,0.0,0.0
THA-24-005,THA-24-005,0.0,1.0,0.0,1.0,0.0,0.0,0.0
THA-24-006,THA-24-006,0.0,1.0,0.0,1.0,0.0,0.0,0.0
THA-24-007,THA-24-007,0.0,1.0,0.0,1.0,0.0,0.0,0.0
THA-24-008,THA-24-008,0.0,1.0,0.0,1.0,0.0,0.0,0.0
THA-24-009,THA-24-009,0.0,1.0,0.0,1.0,0.0,0.0,0.0
THA-24-010,THA-24-010,0.0,1.0,0.0,1.0,0.0,0.0,0.0
THA-25-001,THA-25-001,0.0,1.0,0.0,1.0,0.0,0.0,0.0
THA-25-002,THA-25-002,0.0,1.0,0.0,1.0,0.0,0.0,0.0
THA-25-003,THA-25-003,0.0,1.0,0.0,1.0,0.0,0.0,0.0
THA-25-004,THA-25-004,0.0,1.0,0.0,1.0,0.0,0.0,0.0
THA-25-005,THA-25-005,0.0,1.0,0.0,1.0,0.0,0.0,0.0
THA-25-006,THA-25-006,0.0,1.0,0.0,1.0,0.0,0.0,0.0
THA-25-007,THA-25-007,0.0,1.0,0.0,1.0,0.0,0.0,0.0
THA-25-008,THA-25-008,0.0,1.0,0.0,1.0,0.0,0.0,0.0
THA-25-009,THA-25-009,0.0,1.0,0.0,1.0,0.0,0.0,0.0
THA-25-010,THA-25-010,0.0,1.0,0.0,1.0,0.0,0.0,0.0
THA-26-001,THA-26-001,0.0,1.0,0.0,1.0,0.0,0.0,0.0
THA-26-002,THA-26-002,0.0,1.0,0.0,1.0,0.0,0.0,0.0
THA-26-003,THA-26-003,0.0,1.0,0.0,1.0,0.0,0.0,0.0
THA-26-004,THA-26-004,0.0,1.0,0.0,1.0,0.0,0.0,0.0
THA-26-005,THA-26-005,0.0,1.0,0.0,1.0,0.0,0.0,0.0
THA-26-006,THA-26-006,0.0,1.0,0.0,1.0,0.0,0.0,0.0
THA-26-007,THA-26-007,0.0,1.0,0.0,1.0,0.0,0.0,0.0
THA-26-008,THA-26-008,0.0,1.0,0.0,1.0,0.0,0.0,0.0
THA-26-009,THA-26-009,0.0,1.0,0.0,1.0,0.0,0.0,0.0
THA-26-010,THA-26-010,0.0,1.0,0.0,1.0,0.0,0.0,0.0
THA-27-001,THA-27-001,0.0,1.0,0.0,1.0,0.0,0.0,0.0
THA-27-002,THA-27-002,0.0,1.0,0.0,1.0,0.0,0.0,0.0
THA-27-003,THA-27-003,0.0,1.0,0.0,1.0,0.0,0.0,0.0
THA-27-004,THA-27-004,0.0,1.0,0.0,1.0,0.0,0.0,0.0
THA-27-005,THA-27-005,0.0,1.0,0.0,1.0,0.0,0.0,0.0
THA-27-006,THA-27-006,0.0,1.0,0.0,1.0,0.0,0.0,0.0
THA-27-007,THA-27-007,0.0,1.0,0.0,1.0,0.0,0.0,0.0
THA-27-008,THA-27-008,0.0,1.0,0.0,1.0,0.0,0.0,0.0
THA-27-009,THA-27-009,0.0,1.0,0.0,1.0,0.0,0.0,0.0
THA-27-010,THA-27-010,0.0,1.0,0.0,1.0,0.0,0.0,0.0
THA-28-001,THA-28-001,0.0,1.0,0.0,1.0,0.0,0.0,0.0
THA-28-002,THA-28-002,0.0,1.0,0.0,1.0,0.0,0.0,0.0
THA-28-003,THA-28-003,0.0,1.0,0.0,1.0,0.0,0.0,0.0
THA-28-004,THA-28-004,0.0,1.0,0.0,1.0,0.0,0.0,0.0
THA-28-005,THA-28-005,0.0,1.0,0.0,1.0,0.0,0.0,0.0
THA-28-006,THA-28-006,0.0,1.0,0.0,1.0,0.0,0.0,0.0
THA-28-007,THA-28-007,0.0,1.0,0.0,1.0,0.0,0.0,0.0
THA-28-008,THA-28-008,0.0,1.0,0.0,1.0,0.0,0.0,0.0
THA-28-009,THA-28-009,0.0,1.0,0.0,1.0,0.0,0.0,0.0
THA-28-010,THA-28-010,0.0,1.0,0.0,1.0,0.0,0.0,0.0
THA-29-001,THA-29-001,0.0,1.0,0.0,1.0,0.0,0.0,0.0
THA-29-002,THA-29-002,0.0,1.0,0.0,1.0,0.0,0.0,0.0
THA-29-003,THA-29-003,0.0,1.0,0.0,1.0,0.0,0.0,0.0
THA-29-004,THA-29-004,0.0,1.0,0.0,1.0,0.0,0.0,0.0
THA-29-005,THA-29-005,0.0,1.0,0.0,1.0,0.0,0.0,0.0
THA-29-006,THA-29-006,0.0,1.0,0.0,1.0,0.0,0.0,0.0
THA-29-007,THA-29-007,0.0,1.0,0.0,1.0,0.0,0.0,0.0
THA-29-008,THA-29-008,0.0,1.0,0.0,1.0,0.0,0.0,0.0
THA-29-009,THA-29-009,0.0,1.0,0.0,1.0,0.0,0.0,0.0
THA-29-010,THA-29-010,0.0,1.0,0.0,1.0,0.0,0.0,0.0
THA-30-001,THA-30-001,0.0,1.0,0.0,1.0,0.0,0.0,0.0
THA-30-002,THA-30-002,0.0,1.0,0.0,1.0,0.0,0.0,0.0
THA-30-003,THA-30-003,0.0,1.0,0.0,1.0,0.0,0.0,0.0
THA-30-004,THA-30-004,0.0,1.0,0.0,1.0,0.0,0.0,0.0
THA-30-005,THA-30-005,0.0,1.0,0.0,1.0,0.0,0.0,0.0
THA-30-006,THA-30-006,0.0,1.0,0.0,1.0,0.0,0.0,0.0
THA-30-007,THA-30-007,0.0,1.0,0.0,1.0,0.0,0.0,0.0
THA-30-008,THA-30-008,0.0,1.0,0.0,1.0,0.0,0.0,0.0
THA-30-009,THA-30-009,0.0,1.0,0.0,1.0,0.0,0.0,0.0
THA-30-010,THA-30-010,0.0,1.0,0.0,1.0,0.0,0.0,0.0
THA-31-001,THA-31-001,0.0,1.0,0.0,1.0,0.0,0.0,0.0
THA-31-002,THA-31-002,0.0,1.0,0.0,1.0,0.0,0.0,0.0
THA-31-003,THA-31-003,0.0,1.0,0.0,1.0,0.0,0.0,0.0
THA-31-004,THA-31-004,0.0,1.0,0.0,1.0,0.0,0.0,0.0
THA-31-005,THA-31-005,0.0,1.0,0.0,1.0,0.0,0.0,0.0
THA-31-006,THA-31-006,0.0,1.0,0.0,1.0,0.0,0.0,0.0
THA-31-007,THA-31-007,0.0,1.0,0.0,1.0,0.0,0.0,0.0
THA-31-008,THA-31-008,0.0,1.0,0.0,1.0,0.0,0.0,0.0
THA-31-009,THA-31-009,0.0,1.0,0.0,1.0,0.0,0.0,0.0
THA-31-010,THA-31-010,0.0,1.0,0.0,1.0,0.0,0.0,0.0
THA-32-001,THA-32-001,0.0,1.0,0.0,1.0,0.0,0.0,0.0
THA-32-002,THA-32-002,0.0,1.0,0.0,1.0,0.0,0.0,0.0
THA-32-003,THA-32-003,0.0,1.0,0.0,1.0,0.0,0.0,0.0
THA-32-004,THA-32-004,0.0,1.0,0.0,1.0,0.0,0.0,0.0
THA-32-005,THA-32-005,0.0,1.0,0.0,1.0,0.0,0.0,0.0
THA-32-006,THA-32-006,0.0,1.0,0.0,1.0,0.0,0.0,0.0
THA-32-007,THA-32-007,0.0,1.0,0.0,1.0,0.0,0.0,0.0
THA-32-008,THA-32-008,0.0,1.0,0.0,1.0,0.0,0.0,0.0
THA-32-009,THA-32-009,0.0,1.0,0.0,1.0,0.0,0.0,0.0
THA-32-010,THA-32-010,0.0,1.0,0.0,1.0,0.0,0.0,0.0
THA-33-001,THA-33-001,0.0,1.0,0.0,1.0,0.0,0.0,0.0
THA-33-002,THA-33-002,0.0,1.0,0.0,1.0,0.0,0.0,0.0
THA-33-003,THA-33-003,0.0,1.0,0.0,1.0,0.0,0.0,0.0
THA-33-004,THA-33-004,0.0,1.0,0.0,1.0,0.0,0.0,0.0
THA-33-005,THA-33-005,0.0,1.0,0.0,1.0,0.0,0.0,0.0
THA-33-006,THA-33-006,0.0,1.0,0.0,1.0,0.0,0.0,0.0
THA-33-007,THA-33-007,0.0,1.0,0.0,1.0,0.0,0.0,0.0
THA-33-008,THA-33-008,0.0,1.0,0.0,1.0,0.0,0.0,0.0
THA-33-009,THA-33-009,0.0,1.0,0.0,1.0,0.0,0.0,0.0
THA-33-010,THA-33-010,0.0,1.0,0.0,1.0,0.0,0.0,0.0
THA-34-001,THA-34-001,0.0,1.0,0.0,1.0,0.0,0.0,0.0
THA-34-002,THA-34-002,0.0,1.0,0.0,1.0,0.0,0.0,0.0
THA-34-003,THA-34-003,0.0,1.0,0.0,1.0,0.0,0.0,0.0
THA-34-004,THA-34-004,0.0,1.0,0.0,1.0,0.0,0.0,0.0
THA-34-005,THA-34-005,0.0,1.0,0.0,1.0,0.0,0.0,0.0
THA-34-006,THA-34-006,0.0,1.0,0.0,1.0,0.0,0.0,0.0
THA-34-007,THA-34-007,0.0,1.0,0.0,1.0,0.0,0.0,0.0
THA-34-008,THA-34-008,0.0,1.0,0.0,1.0,0.0,0.0,0.0
THA-34-009,THA-34-009,0.0,1.0,0.0,1.0,0.0,0.0,0.0
THA-34-010,THA-34-010,0.0,1.0,0.0,1.0,0.0,0.0,0.0
THA-35-001,THA-35-001,0.0,1.0,0.0,1.0,0.0,0.0,0.0
THA-35-002,THA-35-002,0.0,1.0,0.0,1.0,0.0,0.0,0.0
THA-35-003,THA-35-003,0.0,1.0,0.0,1.0,0.0,0.0,0.0
THA-35-004,THA-35-004,0.0,1.0,0.0,1.0,0.0,0.0,0.0
THA-35-005,THA-35-005,0.0,1.0,0.0,1.0,0.0,0.0,0.0
THA-35-006,THA-35-006,0.0,1.0,0.0,1.0,0.0,0.0,0.0
THA-35-007,THA-35-007,0.0,1.0,0.0,1.0,0.0,0.0,0.0
THA-35-008,THA-35-008,0.0,1.0,0.0,1.0,0.0,0.0,0.0
THA-35-009,THA-35-009,0.0,1.0,0.0,1.0,0.0,0.0,0.0
THA-35-010,THA-35-010,0.0,1.0,0.0,1.0,0.0,0.0,0.0
THA-36-001,THA-36-001,0.0,1.0,0.0,1.0,0.0,0.0,0.0
THA-36-002,THA-36-002,0.0,1.0,0.0,1.0,0.0,0.0,0.0
THA-36-003,THA-36-003,0.0,1.0,0.0,1.0,0.0,0.0,0.0
THA-36-004,THA-36-004,0.0,1.0,0.0,1.0,0.0,0.0,0.0
THA-36-005,THA-36-005,0.0,1.0,0.0,1.0,0.0,0.0,0.0
THA-36-006,THA-36-006,0.0,1.0,0.0,1.0,0.0,0.0,0.0
THA-36-007,THA-36-007,0.0,1.0,0.0,1.0,0.0,0.0,0.0
THA-36-008,THA-36-008,0.0,1.0,0.0,1.0,0.0,0.0,0.0
THA-36-009,THA-36-009,0.0,1.0,0.0,1.0,0.0,0.0,0.0
THA-36-010,THA-36-010,0.0,1.0,0.0,1.0,0.0,0.0,0.0
THA-37-001,THA-37-001,0.0,1.0,0.0,1.0,0.0,0.0,0.0
THA-37-002,THA-37-002,0.0,1.0,0.0,1.0,0.0,0.0,0.0
THA-37-003,THA-37-003,0.0,1.0,0.0,1.0,0.0,0.0,0.0
THA-37-004,THA-37-004,0.0,1.0,0.0,1.0,0.0,0.0,0.0
THA-37-005,THA-37-005,0.0,1.0,0.0,1.0,0.0,0.0,0.0
THA-37-006,THA-37-006,0.0,1.0,0.0,1.0,0.0,0.0,0.0
THA-37-007,THA-37-007,0.0,1.0,0.0,1.0,0.0,0.0,0.0
THA-37-008,THA-37-008,0.0,1.0,0.0,1.0,0.0,0.0,0.0
THA-37-009,THA-37-009,0.0,1.0,0.0,1.0,0.0,0.0,0.0
THA-37-010,THA-37-010,0.0,1.0,0.0,1.0,0.0,0.0,0.0
THA-38-001,THA-38-001,0.0,1.0,0.0,1.0,0.0,0.0,0.0
THA-38-002,THA-38-002,0.0,1.0,0.0,1.0,0.0,0.0,0.0
THA-38-003,THA-38-003,0.0,1.0,0.0,1.0,0.0,0.0,0.0
THA-38-004,THA-38-004,0.0,1.0,0.0,1.0,0.0,0.0,0.0
THA-38-005,THA-38-005,0.0,1.0,0.0,1.0,0.0,0.0,0.0
THA-38-006,THA-38-006,0.0,1.0,0.0,1.0,0.0,0.0,0.0
THA-38-007,THA-38-007,0.0,1.0,0.0,1.0,0.0,0.0,0.0
THA-38-008,THA-38-008,0.0,1.0,0.0,1.0,0.0,0.0,0.0
THA-38-009,THA-38-009,0.0,1.0,0.0,1.0,0.0,0.0,0.0
THA-38-010,THA-38-010,0.0,1.0,0.0,1.0,0.0,0.0,0.0
THA-39-001,THA-39-001,0.0,1.0,0.0,1.0,0.0,0.0,0.0
THA-39-002,THA-39-002,0.0,1.0,0.0,1.0,0.0,0.0,0.0
THA-39-003,THA-39-003,0.0,1.0,0.0,1.0,0.0,0.0,0.0
THA-39-004,THA-39-004,0.0,1.0,0.0,1.0,0.0,0.0,0.0
THA-39-005,THA-39-005,0.0,1.0,0.0,1.0,0.0,0.0,0.0
THA-39-006,THA-39-006,0.0,1.0,0.0,1.0,0.0,0.0,0.0
THA-39-007,THA-39-007,0.0,1.0,0.0,1.0,0.0,0.0,0.0
THA-39-008,THA-39-008,0.0,1.0,0.0,1.0,0.0,0.0,0.0
THA-39-009,THA-39-009,0.0,1.0,0.0,1.0,0.0,0.0,0.0
THA-39-010,THA-39-010,0.0,1.0,0.0,1.0,0.0,0.0,0.0
THA-40-001,THA-40-001,0.0,1.0,0.0,1.0,0.0,0.0,0.0
THA-40-002,THA-40-002,0.0,1.0,0.0,1.0,0.0,0.0,0.0
THA-40-003,THA-40-003,0.0,1.0,0.0,1.0,0.0,0.0,0.0
THA-40-004,THA-40-004,0.0,1.0,0.0,1.0,0.0,0.0,0.0
THA-40-005,THA-40-005,0.0,1.0,0.0,1.0,0.0,0.0,0.0
THA-40-006,THA-40-006,0.0,1.0,0.0,1.0,0.0,0.0,0.0
THA-40-007,THA-40-007,0.0,1.0,0.0,1.0,0.0,0.0,0.0
THA-40-008,THA-40-008,0.0,1.0,0.0,1.0,0.0,0.0,0.0
THA-40-009,THA-40-009,0.0,1.0,0.0,1.0,0.0,0.0,0.0
THA-40-010,THA-40-010,0.0,1.0,0.0,1.0,0.0,0.0,0.0
THA-41-001,THA-41-001,0.0,1.0,0.0,1.0,0.0,0.0,0.0
THA-41-002,THA-41-002,0.0,1.0,0.0,1.0,0.0,0.0,0.0
THA-41-003,THA-41-003,0.0,1.0,0.0,1.0,0.0,0.0,0.0
THA-41-004,THA-41-004,0.0,1.0,0.0,1.0,0.0,0.0,0.0
THA-41-005,THA-41-005,0.0,1.0,0.0,1.0,0.0,0.0,0.0
THA-41-006,THA-41-006,0.0,1.0,0.0,1.0,0.0,0.0,0.0
THA-41-007,THA-41-007,0.0,1.0,0.0,1.0,0.0,0.0,0.0
THA-41-008,THA-41-008,0.0,1.0,0.0,1.0,0.0,0.0,0.0
THA-41-009,THA-41-009,0.0,1.0,0.0,1.0,0.0,0.0,0.0
THA-41-010,THA-41-010,0.0,1.0,0.0,1.0,0.0,0.0,0.0
THA-42-001,THA-42-001,0.0,1.0,0.0,1.0,0.0,0.0,0.0
THA-42-002,THA-42-002,0.0,1.0,0.0,1.0,0.0,0.0,0.0
THA-42-003,THA-42-003,0.0,1.0,0.0,1.0,0.0,0.0,0.0
THA-42-004,THA-42-004,0.0,1.0,0.0,1.0,0.0,0.0,0.0
THA-42-005,THA-42-005,0.0,1.0,0.0,1.0,0.0,0.0,0.0
THA-42-006,THA-42-006,0.0,1.0,0.0,1.0,0.0,0.0,0.0
THA-42-007,THA-42-007,0.0,1.0,0.0,1.0,0.0,0.0,0.0
THA-42-008,THA-42-008,0.0,1.0,0.0,1.0,0.0,0.0,0.0
THA-42-009,THA-42-009,0.0,1.0,0.0,1.0,0.0,0.0,0.0
THA-42-010,THA-42-010,0.0,1.0,0.0,1.0,0.0,0.0,0.0
THA-43-001,THA-43-001,0.0,1.0,0.0,1.0,0.0,0.0,0.0
THA-43-002,THA-43-002,0.0,1.0,0.0,1.0,0.0,0.0,0.0
THA-43-003,THA-43-003,0.0,1.0,0.0,1.0,0.0,0.0,0.0
THA-43-004,THA-43-004,0.0,1.0,0.0,1.0,0.0,0.0,0.0
THA-43-005,THA-43-005,0.0,1.0,0.0,1.0,0.0,0.0,0.0
THA-43-006,THA-43-006,0.0,1.0,0.0,1.0,0.0,0.0,0.0
THA-43-007,THA-43-007,0.0,1.0,0.0,1.0,0.0,0.0,0.0
THA-43-008,THA-43-008,0.0,1.0,0.0,1.0,0.0,0.0,0.0
THA-43-009,THA-43-009,0.0,1.0,0.0,1.0,0.0,0.0,0.0
THA-43-010,THA-43-010,0.0,1.0,0.0,1.0,0.0,0.0,0.0
THA-44-001,THA-44-001,0.0,1.0,0.0,1.0,0.0,0.0,0.0
THA-44-002,THA-44-002,0.0,1.0,0.0,1.0,0.0,0.0,0.0
THA-44-003,THA-44-003,0.0,1.0,0.0,1.0,0.0,0.0,0.0
THA-44-004,THA-44-004,0.0,1.0,0.0,1.0,0.0,0.0,0.0
THA-44-005,THA-44-005,0.0,1.0,0.0,1.0,0.0,0.0,0.0
THA-44-006,THA-44-006,0.0,1.0,0.0,1.0,0.0,0.0,0.0
THA-44-007,THA-44-007,0.0,1.0,0.0,1.0,0.0,0.0,0.0
THA-44-008,THA-44-008,0.0,1.0,0.0,1.0,0.0,0.0,0.0
THA-44-009,THA-44-009,0.0,1.0,0.0,1.0,0.0,0.0,0.0
THA-44-010,THA-44-010,0.0,1.0,0.0,1.0,0.0,0.0,0.0
THA-45-001,THA-45-001,0.0,1.0,0.0,1.0,0.0,0.0,0.0
THA-45-002,THA-45-002,0.0,1.0,0.0,1.0,0.0,0.0,0.0
THA-45-003,THA-45-003,0.0,1.0,0.0,1.0,0.0,0.0,0.0
THA-45-004,THA-45-004,0.0,1.0,0.0,1.0,0.0,0.0,0.0
THA-45-005,THA-45-005,0.0,1.0,0.0,1.0,0.0,0.0,0.0
THA-45-006,THA-45-006,0.0,1.0,0.0,1.0,0.0,0.0,0.0
THA-45-007,THA-45-007,0.0,1.0,0.0,1.0,0.0,0.0,0.0
THA-45-008,THA-45-008,0.0,1.0,0.0,1.0,0.0,0.0,0.0
THA-45-009,THA-45-009,0.0,1.0,0.0,1.0,0.0,0.0,0.0
THA-45-010,THA-45-010,0.0,1.0,0.0,1.0,0.0,0.0,0.0
THA-46-001,THA-46-001,0.0,1.0,0.0,1.0,0.0,0.0,0.0
THA-46-002,THA-46-002,0.0,1.0,0.0,1.0,0.0,0.0,0.0
THA-46-003,THA-46-003,0.0,1.0,0.0,1.0,0.0,0.0,0.0
THA-46-004,THA-46-004,0.0,1.0,0.0,1.0,0.0,0.0,0.0
THA-46-005,THA-46-005,0.0,1.0,0.0,1.0,0.0,0.0,0.0
THA-46-006,THA-46-006,0.0,1.0,0.0,1.0,0.0,0.0,0.0
THA-46-007,THA-46-007,0.0,1.0,0.0,1.0,0.0,0.0,0.0
THA-46-008,THA-46-008,0.0,1.0,0.0,1.0,0.0,0.0,0.0
THA-46-009,THA-46-009,0.0,1.0,0.0,1.0,0.0,0.0,0.0
THA-46-010,THA-46-010,0.0,1.0,0.0,1.0,0.0,0.0,0.0
THA-47-001,THA-47-001,0.0,1.0,0.0,1.0,0.0,0.0,0.0
THA-47-002,THA-47-002,0.0,1.0,0.0,1.0,0.0,0.0,0.0
THA-47-003,THA-47-003,0.0,1.0,0.0,1.0,0.0,0.0,0.0
THA-47-004,THA-47-004,0.0,1.0,0.0,1.0,0.0,0.0,0.0
THA-47-005,THA-47-005,0.0,1.0,0.0,1.0,0.0,0.0,0.0
THA-47-006,THA-47-006,0.0,1.0,0.0,1.0,0.0,0.0,0.0
THA-47-007,THA-47-007,0.0,1.0,0.0,1.0,0.0,0.0,0.0
THA-47-008,THA-47-008,0.0,1.0,0.0,1.0,0.0,0.0,0.0
THA-47-009,THA-47-009,0.0,1.0,0.0,1.0,0.0,0.0,0.0
THA-47-010,THA-47-010,0.0,1.0,0.0,1.0,0.0,0.0,0.0
THA-48-001,THA-48-001,0.0,1.0,0.0,1.0,0.0,0.0,0.0
THA-48-002,THA-48-002,0.0,1.0,0.0,1.0,0.0,0.0,0.0
THA-48-003,THA-48-003,0.0,1.0,0.0,1.0,0.0,0.0,0.0
THA-48-004,THA-48-004,0.0,1.0,0.0,1.0,0.0,0.0,0.0
THA-48-005,THA-48-005,0.0,1.0,0.0,1.0,0.0,0.0,0.0
THA-48-006,THA-48-006,0.0,1.0,0.0,1.0,0.0,0.0,0.0
THA-48-007,THA-48-007,0.0,1.0,0.0,1.0,0.0,0.0,0.0
THA-48-008,THA-48-008,0.0,1.0,0.0,1.0,0.0,0.0,0.0
THA-48-009,THA-48-009,0.0,1.0,0.0,1.0,0.0,0.0,0.0
THA-48-010,THA-48-010,0.0,1.0,0.0,1.0,0.0,0.0,0.0
THA-49-001,THA-49-001,0.0,1.0,0.0,1.0,0.0,0.0,0.0
THA-49-002,THA-49-002,0.0,1.0,0.0,1.0,0.0,0.0,0.0
THA-49-003,THA-49-003,0.0,1.0,0.0,1.0,0.0,0.0,0.0
THA-49-004,THA-49-004,0.0,1.0,0.0,1.0,0.0,0.0,0.0
THA-49-005,THA-49-005,0.0,1.0,0.0,1.0,0.0,0.0,0.0
THA-49-006,THA-49-006,0.0,1.0,0.0,1.0,0.0,0.0,0.0
THA-49-007,THA-49-007,0.0,1.0,0.0,1.0,0.0,0.0,0.0
THA-49-008,THA-49-008,0.0,1.0,0.0,1.0,0.0,0.0,0.0
THA-49-009,THA-49-009,0.0,1.0,0.0,1.0,0.0,0.0,0.0
THA-49-010,THA-49-010,0.0,1.0,0.0,1.0,0.0,0.0,0.0
THA-50-001,THA-50-001,0.0,1.0,0.0,1.0,0.0,0.0,0.0
THA-50-002,THA-50-002,0.0,1.0,0.0,1.0,0.0,0.0,0.0
THA-50-003,THA-50-003,0.0,1.0,0.0,1.0,0.0,0.0,0.0
THA-50-004,THA-50-004,0.0,1.0,0.0,1.0,0.0,0.0,0.0
THA-50-005,THA-50-005,0.0,1.0,0.0,1.0,0.0,0.0,0.0
THA-50-006,THA-50-006,0.0,1.0,0.0,1.0,0.0,0.0,0.0
THA-50-007,THA-50-007,0.0,1.0,0.0,1.0,0.0,0.0,0.0
THA-50-008,THA-50-008,0.0,1.0,0.0,1.0,0.0,0.0,0.0
THA-50-009,THA-50-009,0.0,1.0,0.0,1.0,0.0,0.0,0.0
THA-50-010,THA-50-010,0.0,1.0,0.0,1.0,0.0,0.0,0.0
THA-51-001,THA-51-001,0.0,1.0,0.0,1.0,0.0,0.0,0.0
THA-51-002,THA-51-002,0.0,1.0,0.0,1.0,0.0,0.0,0.0
THA-51-003,THA-51-003,0.0,1.0,0.0,1.0,0.0,0.0,0.0
THA-51-004,THA-51-004,0.0,1.0,0.0,1.0,0.0,0.0,0.0
THA-51-005,THA-51-005,0.0,1.0,0.0,1.0,0.0,0.0,0.0
THA-51-006,THA-51-006,0.0,1.0,0.0,1.0,0.0,0.0,0.0
THA-51-007,THA-51-007,0.0,1.0,0.0,1.0,0.0,0.0,0.0
THA-51-008,THA-51-008,0.0,1.0,0.0,1.0,0.0,0.0,0.0
THA-51-009,THA-51-009,0.0,1.0,0.0,1.0,0.0,0.0,0.0
THA-51-010,THA-51-010,0.0,1.0,0.0,1.0,0.0,0.0,0.0
THA-52-001,THA-52-001,0.0,1.0,0.0,1.0,0.0,0.0,0.0
THA-52-002,THA-52-002,0.0,1.0,0.0,1.0,0.0,0.0,0.0
THA-52-003,THA-52-003,0.0,1.0,0.0,1.0,0.0,0.0,0.0
THA-52-004,THA-52-004,0.0,1.0,0.0,1.0,0.0,0.0,0.0
THA-52-005,THA-52-005,0.0,1.0,0.0,1.0,0.0,0.0,0.0
THA-52-006,THA-52-006,0.0,1.0,0.0,1.0,0.0,0.0,0.0
THA-52-007,THA-52-007,0.0,1.0,0.0,1.0,0.0,0.0,0.0
THA-52-008,THA-52-008,0.0,1.0,0.0,1.0,0.0,0.0,0.0
THA-52-009,THA-52-009,0.0,1.0,0.0,1.0,0.0,0.0,0.0
THA-52-010,THA-52-010,0.0,1.0,0.0,1.0,0.0,0.0,0.0
THA-53-001,THA-53-001,0.0,1.0,0.0,1.0,0.0,0.0,0.0
THA-53-002,THA-53-002,0.0,1.0,0.0,1.0,0.0,0.0,0.0
THA-53-003,THA-53-003,0.0,1.0,0.0,1.0,0.0,0.0,0.0
THA-53-004,THA-53-004,0.0,1.0,0.0,1.0,0.0,0.0,0.0
THA-53-005,THA-53-005,0.0,1.0,0.0,1.0,0.0,0.0,0.0
THA-53-006,THA-53-006,0.0,1.0,0.0,1.0,0.0,0.0,0.0
THA-53-007,THA-53-007,0.0,1.0,0.0,1.0,0.0,0.0,0.0
THA-53-008,THA-53-008,0.0,1.0,0.0,1.0,0.0,0.0,0.0
THA-53-009,THA-53-009,0.0,1.0,0.0,1.0,0.0,0.0,0.0
THA-53-010,THA-53-010,0.0,1.0,0.0,1.0,0.0,0.0,0.0
THA-54-001,THA-54-001,0.0,1.0,0.0,1.0,0.0,0.0,0.0
THA-54-002,THA-54-002,0.0,1.0,0.0,1.0,0.0,0.0,0.0
THA-54-003,THA-54-003,0.0,1.0,0.0,1.0,0.0,0.0,0.0
THA-54-004,THA-54-004,0.0,1.0,0.0,1.0,0.0,0.0,0.0
THA-54-005,THA-54-005,0.0,1.0,0.0,1.0,0.0,0.0,0.0
THA-54-006,THA-54-006,0.0,1.0,0.0,1.0,0.0,0.0,0.0
THA-54-007,THA-54-007,0.0,1.0,0.0,1.0,0.0,0.0,0.0
THA-54-008,THA-54-008,0.0,1.0,0.0,1.0,0.0,0.0,0.0
THA-54-009,THA-54-009,0.0,1.0,0.0,1.0,0.0,0.0,0.0
THA-54-010,THA-54-010,0.0,1.0,0.0,1.0,0.0,0.0,0.0
THA-55-001,THA-55-001,0.0,1.0,0.0,1.0,0.0,0.0,0.0
THA-55-002,THA-55-002,0.0,1.0,0.0,1.0,0.0,0.0,0.0
THA-55-003,THA-55-003,0.0,1.0,0.0,1.0,0.0,0.0,0.0
THA-55-004,THA-55-004,0.0,1.0,0.0,1.0,0.0,0.0,0.0
THA-55-005,THA-55-005,0.0,1.0,0.0,1.0,0.0,0.0,0.0
THA-55-006,THA-55-006,0.0,1.0,0.0,1.0,0.0,0.0,0.0
THA-55-007,THA-55-007,0.0,1.0,0.0,1.0,0.0,0.0,0.0
THA-55-008,THA-55-008,0.0,1.0,0.0,1.0,0.0,0.0,0.0
THA-55-009,THA-55-009,0.0,1.0,0.0,1.0,0.0,0.0,0.0
THA-55-010,THA-55-010,0.0,1.0,0.0,1.0,0.0,0.0,0.0
THA-56-001,THA-56-001,0.0,1.0,0.0,1.0,0.0,0.0,0.0
THA-56-002,THA-56-002,0.0,1.0,0.0,1.0,0.0,0.0,0.0
THA-56-003,THA-56-003,0.0,1.0,0.0,1.0,0.0,0.0,0.0
THA-56-004,THA-56-004,0.0,1.0,0.0,1.0,0.0,0.0,0.0
THA-56-005,THA-56-005,0.0,1.0,0.0,1.0,0.0,0.0,0.0
THA-56-006,THA-56-006,0.0,1.0,0.0,1.0,0.0,0.0,0.0
THA-56-007,THA-56-007,0.0,1.0,0.0,1.0,0.0,0.0,0.0
THA-56-008,THA-56-008,0.0,1.0,0.0,1.0,0.0,0.0,0.0
THA-56-009,THA-56-009,0.0,1.0,0.0,1.0,0.0,0.0,0.0
THA-56-010,THA-56-010,0.0,1.0,0.0,1.0,0.0,0.0,0.0
THA-57-001,THA-57-001,0.0,1.0,0.0,1.0,0.0,0.0,0.0
THA-57-002,THA-57-002,0.0,1.0,0.0,1.0,0.0,0.0,0.0
THA-57-003,THA-57-003,0.0,1.0,0.0,1.0,0.0,0.0,0.0
THA-57-004,THA-57-004,0.0,1.0,0.0,1.0,0.0,0.0,0.0
THA-57-005,THA-57-005,0.0,1.0,0.0,1.0,0.0,0.0,0.0
THA-57-006,THA-57-006,0.0,1.0,0.0,1.0,0.0,0.0,0.0
THA-57-007,THA-57-007,0.0,1.0,0.0,1.0,0.0,0.0,0.0
THA-57-008,THA-57-008,0.0,1.0,0.0,1.0,0.0,0.0,0.0
THA-57-009,THA-57-009,0.0,1.0,0.0,1.0,0.0,0.0,0.0
THA-57-010,THA-57-010,0.0,1.0,0.0,1.0,0.0,0.0,0.0
THA-58-001,THA-58-001,0.0,1.0,0.0,1.0,0.0,0.0,0.0
THA-58-002,THA-58-002,0.0,1.0,0.0,1.0,0.0,0.0,0.0
THA-58-003,THA-58-003,0.0,1.0,0.0,1.0,0.0,0.0,0.0
THA-58-004,THA-58-004,0.0,1.0,0.0,1.0,0.0,0.0,0.0
THA-58-005,THA-58-005,0.0,1.0,0.0,1.0,0.0,0.0,0.0
THA-58-006,THA-58-006,0.0,1.0,0.0,1.0,0.0,0.0,0.0
THA-58-007,THA-58-007,0.0,1.0,0.0,1.0,0.0,0.0,0.0
THA-58-008,THA-58-008,0.0,1.0,0.0,1.0,0.0,0.0,0.0
THA-58-009,THA-58-009,0.0,1.0,0.0,1.0,0.0,0.0,0.0
THA-58-010,THA-58-010,0.0,1.0,0.0,1.0,0.0,0.0,0.0
THA-59-001,THA-59-001,0.0,1.0,0.0,1.0,0.0,0.0,0.0
THA-59-002,THA-59-002,0.0,1.0,0.0,1.0,0.0,0.0,0.0
THA-59-003,THA-59-003,0.0,1.0,0.0,1.0,0.0,0.0,0.0
THA-59-004,THA-59-004,0.0,1.0,0.0,1.0,0.0,0.0,0.0
THA-59-005,THA-59-005,0.0,1.0,0.0,1.0,0.0,0.0,0.0
THA-59-006,THA-59-006,0.0,1.0,0.0,1.0,0.0,0.0,0.0
THA-59-007,THA-59-007,0.0,1.0,0.0,1.0,0.0,0.0,0.0
THA-59-008,THA-59-008,0.0,1.0,0.0,1.0,0.0,0.0,0.0
THA-59-009,THA-59-009,0.0,1.0,0.0,1.0,0.0,0.0,0.0
THA-59-010,THA-59-010,0.0,1.0,0.0,1.0,0.0,0.0,0.0
THA-60-001,THA-60-001,0.0,1.0,0.0,1.0,0.0,0.0,0.0
THA-60-002,THA-60-002,0.0,1.0,0.0,1.0,0.0,0.0,0.0
THA-60-003,THA-60-003,0.0,1.0,0.0,1.0,0.0,0.0,0.0
THA-60-004,THA-60-004,0.0,1.0,0.0,1.0,0.0,0.0,0.0
THA-60-005,THA-60-005,0.0,1.0,0.0,1.0,0.0,0.0,0.0
THA-60-006,THA-60-006,0.0,1.0,0.0,1.0,0.0,0.0,0.0
THA-60-007,THA-60-007,0.0,1.0,0.0,1.0,0.0,0.0,0.0
THA-60-008,THA-60-008,0.0,1.0,0.0,1.0,0.0,0.0,0.0
THA-60-009,THA-60-009,0.0,1.0,0.0,1.0,0.0,0.0,0.0
THA-60-010,THA-60-010,0.0,1.0,0.0,1.0,0.0,0.0,0.0
THA-61-001,THA-61-001,0.0,1.0,0.0,1.0,0.0,0.0,0.0
THA-61-002,THA-61-002,0.0,1.0,0.0,1.0,0.0,0.0,0.0
THA-61-003,THA-61-003,0.0,1.0,0.0,1.0,0.0,0.0,0.0
THA-61-004,THA-61-004,0.0,1.0,0.0,1.0,0.0,0.0,0.0
THA-61-005,THA-61-005,0.0,1.0,0.0,1.0,0.0,0.0,0.0
THA-61-006,THA-61-006,0.0,1.0,0.0,1.0,0.0,0.0,0.0
THA-61-007,THA-61-007,0.0,1.0,0.0,1.0,0.0,0.0,0.0
THA-61-008,THA-61-008,0.0,1.0,0.0,1.0,0.0,0.0,0.0
THA-61-009,THA-61-009,0.0,1.0,0.0,1.0,0.0,0.0,0.0
THA-61-010,THA-61-010,0.0,1.0,0.0,1.0,0.0,0.0,0.0
THA-62-001,THA-62-001,0.0,1.0,0.0,1.0,0.0,0.0,0.0
THA-62-002,THA-62-002,0.0,1.0,0.0,1.0,0.0,0.0,0.0
THA-62-003,THA-62-003,0.0,1.0,0.0,1.0,0.0,0.0,0.0
THA-62-004,THA-62-004,0.0,1.0,0.0,1.0,0.0,0.0,0.0
THA-62-005,THA-62-005,0.0,1.0,0.0,1.0,0.0,0.0,0.0
THA-62-006,THA-62-006,0.0,1.0,0.0,1.0,0.0,0.0,0.0
THA-62-007,THA-62-007,0.0,1.0,0.0,1.0,0.0,0.0,0.0
THA-62-008,THA-62-008,0.0,1.0,0.0,1.0,0.0,0.0,0.0
THA-62-009,THA-62-009,0.0,1.0,0.0,1.0,0.0,0.0,0.0
THA-62-010,THA-62-010,0.0,1.0,0.0,1.0,0.0,0.0,0.0
THA-63-001,THA-63-001,0.0,1.0,0.0,1.0,0.0,0.0,0.0
THA-63-002,THA-63-002,0.0,1.0,0.0,1.0,0.0,0.0,0.0
THA-63-003,THA-63-003,0.0,1.0,0.0,1.0,0.0,0.0,0.0
THA-63-004,THA-63-004,0.0,1.0,0.0,1.0,0.0,0.0,0.0
THA-63-005,THA-63-005,0.0,1.0,0.0,1.0,0.0,0.0,0.0
THA-63-006,THA-63-006,0.0,1.0,0.0,1.0,0.0,0.0,0.0
THA-63-007,THA-63-007,0.0,1.0,0.0,1.0,0.0,0.0,0.0
THA-63-008,THA-63-008,0.0,1.0,0.0,1.0,0.0,0.0,0.0
THA-63-009,THA-63-009,0.0,1.0,0.0,1.0,0.0,0.0,0.0
THA-63-010,THA-63-010,0.0,1.0,0.0,1.0,0.0,0.0,0.0
THA-64-001,THA-64-001,0.0,1.0,0.0,1.0,0.0,0.0,0.0
THA-64-002,THA-64-002,0.0,1.0,0.0,1.0,0.0,0.0,0.0
THA-64-003,THA-64-003,0.0,1.0,0.0,1.0,0.0,0.0,0.0
THA-64-004,THA-64-004,0.0,1.0,0.0,1.0,0.0,0.0,0.0
THA-64-005,THA-64-005,0.0,1.0,0.0,1.0,0.0,0.0,0.0
THA-64-006,THA-64-006,0.0,1.0,0.0,1.0,0.0,0.0,0.0
THA-64-007,THA-64-007,0.0,1.0,0.0,1.0,0.0,0.0,0.0
THA-64-008,THA-64-008,0.0,1.0,0.0,1.0,0.0,0.0,0.0
THA-64-009,THA-64-009,0.0,1.0,0.0,1.0,0.0,0.0,0.0
THA-64-010,THA-64-010,0.0,1.0,0.0,1.0,0.0,0.0,0.0
THA-65-001,THA-65-001,0.0,1.0,0.0,1.0,0.0,0.0,0.0
THA-65-002,THA-65-002,0.0,1.0,0.0,1.0,0.0,0.0,0.0
THA-65-003,THA-65-003,0.0,1.0,0.0,1.0,0.0,0.0,0.0
THA-65-004,THA-65-004,0.0,1.0,0.0,1.0,0.0,0.0,0.0
THA-65-005,THA-65-005,0.0,1.0,0.0,1.0,0.0,0.0,0.0
THA-65-006,THA-65-006,0.0,1.0,0.0,1.0,0.0,0.0,0.0
THA-65-007,THA-65-007,0.0,1.0,0.0,1.0,0.0,0.0,0.0
THA-65-008,THA-65-008,0.0,1.0,0.0,1.0,0.0,0.0,0.0
THA-65-009,THA-65-009,0.0,1.0,0.0,1.0,0.0,0.0,0.0
THA-65-010,THA-65-010,0.0,1.0,0.0,1.0,0.0,0.0,0.0
THA-66-001,THA-66-001,0.0,1.0,0.0,1.0,0.0,0.0,0.0
THA-66-002,THA-66-002,0.0,1.0,0.0,1.0,0.0,0.0,0.0
THA-66-003,THA-66-003,0.0,1.0,0.0,1.0,0.0,0.0,0.0
THA-66-004,THA-66-004,0.0,1.0,0.0,1.0,0.0,0.0,0.0
THA-66-005,THA-66-005,0.0,1.0,0.0,1.0,0.0,0.0,0.0
THA-66-006,THA-66-006,0.0,1.0,0.0,1.0,0.0,0.0,0.0
THA-66-007,THA-66-007,0.0,1.0,0.0,1.0,0.0,0.0,0.0
THA-66-008,THA-66-008,0.0,1.0,0.0,1.0,0.0,0.0,0.0
THA-66-009,THA-66-009,0.0,1.0,0.0,1.0,0.0,0.0,0.0
THA-66-010,THA-66-010,0.0,1.0,0.0,1.0,0.0,0.0,0.0
THA-67-001,THA-67-001,0.0,1.0,0.0,1.0,0.0,0.0,0.0
THA-67-002,THA-67-002,0.0,1.0,0.0,1.0,0.0,0.0,0.0
THA-67-003,THA-67-003,0.0,1.0,0.0,1.0,0.0,0.0,0.0
THA-67-004,THA-67-004,0.0,1.0,0.0,1.0,0.0,0.0,0.0
THA-67-005,THA-67-005,0.0,1.0,0.0,1.0,0.0,0.0,0.0
THA-67-006,THA-67-006,0.0,1.0,0.0,1.0,0.0,0.0,0.0
THA-67-007,THA-67-007,0.0,1.0,0.0,1.0,0.0,0.0,0.0
THA-67-008,THA-67-008,0.0,1.0,0.0,1.0,0.0,0.0,0.0
THA-67-009,THA-67-009,0.0,1.0,0.0,1.0,0.0,0.0,0.0
THA-67-010,THA-67-010,0.0,1.0,0.0,1.0,0.0,0.0,0.0
THA-68-001,THA-68-001,0.0,1.0,0.0,1.0,0.0,0.0,0.0
THA-68-002,THA-68-002,0.0,1.0,0.0,1.0,0.0,0.0,0.0
THA-68-003,THA-68-003,0.0,1.0,0.0,1.0,0.0,0.0,0.0
THA-68-004,THA-68-004,0.0,1.0,0.0,1.0,0.0,0.0,0.0
THA-68-005,THA-68-005,0.0,1.0,0.0,1.0,0.0,0.0,0.0
THA-68-006,THA-68-006,0.0,1.0,0.0,1.0,0.0,0.0,0.0
THA-68-007,THA-68-007,0.0,1.0,0.0,1.0,0.0,0.0,0.0
THA-68-008,THA-68-008,0.0,1.0,0.0,1.0,0.0,0.0,0.0
THA-68-009,THA-68-009,0.0,1.0,0.0,1.0,0.0,0.0,0.0
THA-68-010,THA-68-010,0.0,1.0,0.0,1.0,0.0,0.0,0.0
THA-69-001,THA-69-001,0.0,1.0,0.0,1.0,0.0,0.0,0.0
THA-69-002,THA-69-002,0.0,1.0,0.0,1.0,0.0,0.0,0.0
THA-69-003,THA-69-003,0.0,1.0,0.0,1.0,0.0,0.0,0.0
THA-69-004,THA-69-004,0.0,1.0,0.0,1.0,0.0,0.0,0.0
THA-69-005,THA-69-005,0.0,1.0,0.0,1.0,0.0,0.0,0.0
THA-69-006,THA-69-006,0.0,1.0,0.0,1.0,0.0,0.0,0.0
THA-69-007,THA-69-007,0.0,1.0,0.0,1.0,0.0,0.0,0.0
THA-69-008,THA-69-008,0.0,1.0,0.0,1.0,0.0,0.0,0.0
THA-69-009,THA-69-009,0.0,1.0,0.0,1.0,0.0,0.0,0.0
THA-69-010,THA-69-010,0.0,1.0,0.0,1.0,0.0,0.0,0.0
THA-70-001,THA-70-001,0.0,1.0,0.0,1.0,0.0,0.0,0.0
THA-70-002,THA-70-002,0.0,1.0,0.0,1.0,0.0,0.0,0.0
THA-70-003,THA-70-003,0.0,1.0,0.0,1.0,0.0,0.0,0.0
THA-70-004,THA-70-004,0.0,1.0,0.0,1.0,0.0,0.0,0.0
THA-70-005,THA-70-005,0.0,1.0,0.0,1.0,0.0,0.0,0.0
THA-70-006,THA-70-006,0.0,1.0,0.0,1.0,0.0,0.0,0.0
THA-70-007,THA-70-007,0.0,1.0,0.0,1.0,0.0,0.0,0.0
THA-70-008,THA-70-008,0.0,1.0,0.0,1.0,0.0,0.0,0.0
THA-70-009,THA-70-009,0.0,1.0,0.0,1.0,0.0,0.0,0.0
THA-70-010,THA-70-010,0.0,1.0,0.0,1.0,0.0,0.0,0.0
THA-71-001,THA-71-001,0.0,1.0,0.0,1.0,0.0,0.0,0.0
THA-71-002,THA-71-002,0.0,1.0,0.0,1.0,0.0,0.0,0.0
THA-71-003,THA-71-003,0.0,1.0,0.0,1.0,0.0,0.0,0.0
THA-71-004,THA-71-004,0.0,1.0,0.0,1.0,0.0,0.0,0.0
THA-71-005,THA-71-005,0.0,1.0,0.0,1.0,0.0,0.0,0.0
THA-71-006,THA-71-006,0.0,1.0,0.0,1.0,0.0,0.0,0.0
THA-71-007,THA-71-007,0.0,1.0,0.0,1.0,0.0,0.0,0.0
THA-71-008,THA-71-008,0.0,1.0,0.0,1.0,0.0,0.0,0.0
THA-71-009,THA-71-009,0.0,1.0,0.0,1.0,0.0,0.0,0.0
THA-71-010,THA-71-010,0.0,1.0,0.0,1.0,0.0,0.0,0.0
THA-72-001,THA-72-001,0.0,1.0,0.0,1.0,0.0,0.0,0.0
THA-72-002,THA-72-002,0.0,1.0,0.0,1.0,0.0,0.0,0.0
THA-72-003,THA-72-003,0.0,1.0,0.0,1.0,0.0,0.0,0.0
THA-72-004,THA-72-004,0.0,1.0,0.0,1.0,0.0,0.0,0.0
THA-72-005,THA-72-005,0.0,1.0,0.0,1.0,0.0,0.0,0.0
THA-72-006,THA-72-006,0.0,1.0,0.0,1.0,0.0,0.0,0.0
THA-72-007,THA-72-007,0.0,1.0,0.0,1.0,0.0,0.0,0.0
THA-72-008,THA-72-008,0.0,1.0,0.0,1.0,0.0,0.0,0.0
THA-72-009,THA-72-009,0.0,1.0,0.0,1.0,0.0,0.0,0.0
THA-72-010,THA-72-010,0.0,1.0,0.0,1.0,0.0,0.0,0.0
THA-73-001,THA-73-001,0.0,1.0,0.0,1.0,0.0,0.0,0.0
THA-73-002,THA-73-002,0.0,1.0,0.0,1.0,0.0,0.0,0.0
THA-73-003,THA-73-003,0.0,1.0,0.0,1.0,0.0,0.0,0.0
THA-73-004,THA-73-004,0.0,1.0,0.0,1.0,0.0,0.0,0.0
THA-73-005,THA-73-005,0.0,1.0,0.0,1.0,0.0,0.0,0.0
THA-73-006,THA-73-006,0.0,1.0,0.0,1.0,0.0,0.0,0.0
THA-73-007,THA-73-007,0.0,1.0,0.0,1.0,0.0,0.0,0.0
THA-73-008,THA-73-008,0.0,1.0,0.0,1.0,0.0,0.0,0.0
THA-73-009,THA-73-009,0.0,1.0,0.0,1.0,0.0,0.0,0.0
THA-73-010,THA-73-010,0.0,1.0,0.0,1.0,0.0,0.0,0.0
THA-74-001,THA-74-001,0.0,1.0,0.0,1.0,0.0,0.0,0.0
THA-74-002,THA-74-002,0.0,1.0,0.0,1.0,0.0,0.0,0.0
THA-74-003,THA-74-003,0.0,1.0,0.0,1.0,0.0,0.0,0.0
THA-74-004,THA-74-004,0.0,1.0,0.0,1.0,0.0,0.0,0.0
THA-74-005,THA-74-005,0.0,1.0,0.0,1.0,0.0,0.0,0.0
THA-74-006,THA-74-006,0.0,1.0,0.0,1.0,0.0,0.0,0.0
THA-74-007,THA-74-007,0.0,1.0,0.0,1.0,0.0,0.0,0.0
THA-74-008,THA-74-008,0.0,1.0,0.0,1.0,0.0,0.0,0.0
THA-74-009,THA-74-009,0.0,1.0,0.0,1.0,0.0,0.0,0.0
THA-74-010,THA-74-010,0.0,1.0,0.0,1.0,0.0,0.0,0.0
THA-75-001,THA-75-001,0.0,1.0,0.0,1.0,0.0,0.0,0.0
THA-75-002,THA-75-002,0.0,1.0,0.0,1.0,0.0,0.0,0.0
THA-75-003,THA-75-003,0.0,1.0,0.0,1.0,0.0,0.0,0.0
THA-75-004,THA-75-004,0.0,1.0,0.0,1.0,0.0,0.0,0.0
THA-75-005,THA-75-005,0.0,1.0,0.0,1.0,0.0,0.0,0.0
THA-75-006,THA-75-006,0.0,1.0,0.0,1.0,0.0,0.0,0.0
THA-75-007,THA-75-007,0.0,1.0,0.0,1.0,0.0,0.0,0.0
THA-75-008,THA-75-008,0.0,1.0,0.0,1.0,0.0,0.0,0.0
THA-75-009,THA-75-009,0.0,1.0,0.0,1.0,0.0,0.0,0.0
THA-75-010,THA-75-010,0.0,1.0,0.0,1.0,0.0,0.0,0.0
THA-76-001,THA-76-001,0.0,1.0,0.0,1.0,0.0,0.0,0.0
THA-76-002,THA-76-002,0.0,1.0,0.0,1.0,0.0,0.0,0.0
THA-76-003,THA-76-003,0.0,1.0,0.0,1.0,0.0,0.0,0.0
THA-76-004,THA-76-004,0.0,1.0,0.0,1.0,0.0,0.0,0.0
THA-76-005,THA-76-005,0.0,1.0,0.0,1.0,0.0,0.0,0.0
THA-76-006,THA-76-006,0.0,1.0,0.0,1.0,0.0,0.0,0.0
THA-76-007,THA-76-007,0.0,1.0,0.0,1.0,0.0,0.0,0.0
THA-76-008,THA-76-008,0.0,1.0,0.0,1.0,0.0,0.0,0.0
THA-76-009,THA-76-009,0.0,1.0,0.0,1.0,0.0,0.0,0.0
THA-76-010,THA-76-010,0.0,1.0,0.0,1.0,0.0,0.0,0.0
THA-77-001,THA-77-001,0.0,1.0,0.0,1.0,0.0,0.0,0.0
THA-77-002,THA-77-002,0.0,1.0,0.0,1.0,0.0,0.0,0.0
THA-77-003,THA-77-003,0.0,1.0,0.0,1.0,0.0,0.0,0.0
THA-77-004,THA-77-004,0.0,1.0,0.0,1.0,0.0,0.0,0.0
THA-77-005,THA-77-005,0.0,1.0,0.0,1.0,0.0,0.0,0.0
THA-77-006,THA-77-006,0.0,1.0,0.0,1.0,0.0,0.0,0.0
THA-77-007,THA-77-007,0.0,1.0,0.0,1.0,0.0,0.0,0.0
THA-77-008,THA-77-008,0.0,1.0,0.0,1.0,0.0,0.0,0.0
THA-77-009,THA-77-009,0.0,1.0,0.0,1.0,0.0,0.0,0.0
THA-77-010,THA-77-010,0.0,1.0,0.0,1.0,0.0,0.0,0.0
