species,island,culmen_length_mm,culmen_depth_mm,flipper_length_mm,body_mass_g,sex,flipper_mass_ratio,body_mass_per_flipper,beak_ratio,beak_flipper_ratio,culmen_length_depth_product,culmen_length_mm_squared,culmen_depth_mm_squared,flipper_length_mm_squared,body_mass_g_squared,species_Adelie,species_Chinstrap,species_Gentoo,island_Biscoe,island_Dream,island_Torgersen,sex_0,sex_.,sex_FEMALE,sex_MALE
Adelie,Torgersen,39.1,18.7,181.0,3750.0,MALE,0.048266666666666666,20.718232044198896,0.47826086956521735,0.21602209944751383,731.17,1528.8100000000002,349.69,32761.0,14062500.0,True,False,False,False,False,True,False,False,False,True
Adelie,Torgersen,39.5,17.4,186.0,3800.0,FEMALE,0.04894736842105263,20.43010752688172,0.440506329113924,0.21236559139784947,687.3,1560.25,302.75999999999993,34596.0,14440000.0,True,False,False,False,False,True,False,False,True,False
Adelie,Torgersen,40.3,18.0,195.0,3250.0,FEMALE,0.06,16.666666666666668,0.44665012406947896,0.20666666666666667,725.4,1624.0899999999997,324.0,38025.0,10562500.0,True,False,False,False,False,True,False,False,True,False
Adelie,Torgersen,44.45,17.3,197.0,4050.0,0,0.04864197530864198,20.558375634517766,0.3892013498312711,0.22563451776649748,768.9850000000001,1975.8025000000002,299.29,38809.0,16402500.0,True,False,False,False,False,True,True,False,False,False
Adelie,Torgersen,36.7,19.3,193.0,3450.0,FEMALE,0.05594202898550724,17.875647668393782,0.5258855585831063,0.1901554404145078,708.3100000000001,1346.89,372.49,37249.0,11902500.0,True,False,False,False,False,True,False,False,True,False
Adelie,Torgersen,39.3,20.6,190.0,3650.0,MALE,0.052054794520547946,19.210526315789473,0.5241730279898219,0.20684210526315788,809.58,1544.4899999999998,424.36000000000007,36100.0,13322500.0,True,False,False,False,False,True,False,False,False,True
Adelie,Torgersen,38.9,17.8,181.0,3625.0,FEMALE,0.049931034482758624,20.027624309392266,0.45758354755784064,0.2149171270718232,692.42,1513.2099999999998,316.84000000000003,32761.0,13140625.0,True,False,False,False,False,True,False,False,True,False
Adelie,Torgersen,39.2,19.6,195.0,4675.0,MALE,0.04171122994652406,23.974358974358974,0.5,0.20102564102564105,768.3200000000002,1536.6400000000003,384.1600000000001,38025.0,21855625.0,True,False,False,False,False,True,False,False,False,True
Adelie,Torgersen,34.1,18.1,193.0,3475.0,0,0.05553956834532374,18.00518134715026,0.530791788856305,0.1766839378238342,617.21,1162.8100000000002,327.61000000000007,37249.0,12075625.0,True,False,False,False,False,True,True,False,False,False
Adelie,Torgersen,42.0,20.2,190.0,4250.0,0,0.04470588235294118,22.36842105263158,0.4809523809523809,0.22105263157894736,848.4,1764.0,408.03999999999996,36100.0,18062500.0,True,False,False,False,False,True,True,False,False,False
Adelie,Torgersen,37.8,17.1,186.0,3300.0,0,0.056363636363636366,17.741935483870968,0.45238095238095244,0.2032258064516129,646.38,1428.8399999999997,292.41,34596.0,10890000.0,True,False,False,False,False,True,True,False,False,False
Adelie,Torgersen,37.8,17.3,180.0,3700.0,0,0.04864864864864865,20.555555555555557,0.45767195767195773,0.21,653.9399999999999,1428.8399999999997,299.29,32400.0,13690000.0,True,False,False,False,False,True,True,False,False,False
Adelie,Torgersen,41.1,17.6,182.0,3200.0,FEMALE,0.056875,17.582417582417584,0.4282238442822385,0.22582417582417583,723.3600000000001,1689.21,309.76000000000005,33124.0,10240000.0,True,False,False,False,False,True,False,False,True,False
Adelie,Torgersen,38.6,21.2,191.0,3800.0,MALE,0.05026315789473684,19.895287958115183,0.5492227979274611,0.20209424083769634,818.32,1489.96,449.44,36481.0,14440000.0,True,False,False,False,False,True,False,False,False,True
Adelie,Torgersen,34.6,21.1,198.0,4400.0,MALE,0.045,22.22222222222222,0.6098265895953757,0.17474747474747476,730.0600000000001,1197.16,445.21000000000004,39204.0,19360000.0,True,False,False,False,False,True,False,False,False,True
Adelie,Torgersen,36.6,17.8,185.0,3700.0,FEMALE,0.05,20.0,0.48633879781420764,0.19783783783783784,651.48,1339.5600000000002,316.84000000000003,34225.0,13690000.0,True,False,False,False,False,True,False,False,True,False
Adelie,Torgersen,38.7,19.0,195.0,3450.0,FEMALE,0.05652173913043478,17.692307692307693,0.49095607235142114,0.19846153846153847,735.3000000000001,1497.6900000000003,361.0,38025.0,11902500.0,True,False,False,False,False,True,False,False,True,False
Adelie,Torgersen,42.5,20.7,197.0,4500.0,MALE,0.04377777777777778,22.84263959390863,0.48705882352941177,0.21573604060913706,879.75,1806.25,428.48999999999995,38809.0,20250000.0,True,False,False,False,False,True,False,False,False,True
Adelie,Torgersen,34.4,18.4,184.0,3325.0,FEMALE,0.05533834586466165,18.070652173913043,0.5348837209302325,0.18695652173913044,632.9599999999999,1183.36,338.55999999999995,33856.0,11055625.0,True,False,False,False,False,True,False,False,True,False
Adelie,Torgersen,46.0,21.5,194.0,4200.0,MALE,0.04619047619047619,21.649484536082475,0.4673913043478261,0.23711340206185566,989.0,2116.0,462.25,37636.0,17640000.0,True,False,False,False,False,True,False,False,False,True
Adelie,Biscoe,37.8,18.3,174.0,3400.0,FEMALE,0.051176470588235295,19.54022988505747,0.4841269841269842,0.21724137931034482,691.74,1428.8399999999997,334.89000000000004,30276.0,11560000.0,True,False,False,True,False,False,False,False,True,False
Adelie,Biscoe,37.7,18.7,180.0,3600.0,MALE,0.05,20.0,0.4960212201591511,0.20944444444444446,704.99,1421.2900000000002,349.69,32400.0,12960000.0,True,False,False,True,False,False,False,False,False,True
Adelie,Biscoe,35.9,19.2,189.0,3800.0,FEMALE,0.049736842105263156,20.105820105820104,0.5348189415041783,0.18994708994708995,689.28,1288.81,368.64,35721.0,14440000.0,True,False,False,True,False,False,False,False,True,False
Adelie,Biscoe,38.2,18.1,185.0,3950.0,MALE,0.04683544303797468,21.35135135135135,0.47382198952879584,0.20648648648648651,691.4200000000001,1459.2400000000002,327.61000000000007,34225.0,15602500.0,True,False,False,True,False,False,False,False,False,True
Adelie,Biscoe,38.8,17.2,180.0,3800.0,MALE,0.04736842105263158,21.11111111111111,0.443298969072165,0.21555555555555553,667.3599999999999,1505.4399999999998,295.84,32400.0,14440000.0,True,False,False,True,False,False,False,False,False,True
Adelie,Biscoe,35.3,18.9,187.0,3800.0,FEMALE,0.049210526315789475,20.32085561497326,0.5354107648725213,0.1887700534759358,667.1699999999998,1246.0899999999997,357.2099999999999,34969.0,14440000.0,True,False,False,True,False,False,False,False,True,False
Adelie,Biscoe,40.6,18.6,183.0,3550.0,MALE,0.05154929577464789,19.398907103825138,0.458128078817734,0.22185792349726777,755.1600000000001,1648.3600000000001,345.96000000000004,33489.0,12602500.0,True,False,False,True,False,False,False,False,False,True
Adelie,Biscoe,40.5,17.9,187.0,3200.0,FEMALE,0.0584375,17.112299465240643,0.44197530864197526,0.21657754010695188,724.9499999999999,1640.25,320.40999999999997,34969.0,10240000.0,True,False,False,True,False,False,False,False,True,False
Adelie,Biscoe,37.9,18.6,172.0,3150.0,FEMALE,0.054603174603174605,18.313953488372093,0.4907651715039578,0.22034883720930232,704.94,1436.4099999999999,345.96000000000004,29584.0,9922500.0,True,False,False,True,False,False,False,False,True,False
Adelie,Biscoe,40.5,18.9,180.0,3950.0,MALE,0.04556962025316456,21.944444444444443,0.4666666666666666,0.225,765.4499999999999,1640.25,357.2099999999999,32400.0,15602500.0,True,False,False,True,False,False,False,False,False,True
Adelie,Dream,39.5,16.7,178.0,3250.0,FEMALE,0.05476923076923077,18.258426966292134,0.42278481012658226,0.22191011235955055,659.65,1560.25,278.89,31684.0,10562500.0,True,False,False,False,True,False,False,False,True,False
Adelie,Dream,37.2,18.1,178.0,3900.0,MALE,0.045641025641025644,21.910112359550563,0.48655913978494625,0.20898876404494385,673.32,1383.8400000000001,327.61000000000007,31684.0,15210000.0,True,False,False,False,True,False,False,False,False,True
Adelie,Dream,39.5,17.8,188.0,3300.0,FEMALE,0.05696969696969697,17.5531914893617,0.4506329113924051,0.21010638297872342,703.1,1560.25,316.84000000000003,35344.0,10890000.0,True,False,False,False,True,False,False,False,True,False
Adelie,Dream,40.9,18.9,184.0,3900.0,MALE,0.04717948717948718,21.195652173913043,0.46210268948655253,0.22228260869565217,773.0099999999999,1672.81,357.2099999999999,33856.0,15210000.0,True,False,False,False,True,False,False,False,False,True
Adelie,Dream,36.4,17.0,195.0,3325.0,FEMALE,0.058646616541353384,17.05128205128205,0.46703296703296704,0.18666666666666665,618.8,1324.9599999999998,289.0,38025.0,11055625.0,True,False,False,False,True,False,False,False,True,False
Adelie,Dream,39.2,21.1,196.0,4150.0,MALE,0.047228915662650604,21.1734693877551,0.5382653061224489,0.2,827.1200000000001,1536.6400000000003,445.21000000000004,38416.0,17222500.0,True,False,False,False,True,False,False,False,False,True
Adelie,Dream,38.8,20.0,190.0,3950.0,MALE,0.04810126582278481,20.789473684210527,0.5154639175257733,0.20421052631578945,776.0,1505.4399999999998,400.0,36100.0,15602500.0,True,False,False,False,True,False,False,False,False,True
Adelie,Dream,42.2,18.5,180.0,3550.0,FEMALE,0.05070422535211268,19.72222222222222,0.43838862559241704,0.23444444444444446,780.7,1780.8400000000001,342.25,32400.0,12602500.0,True,False,False,False,True,False,False,False,True,False
Adelie,Dream,37.6,19.3,181.0,3300.0,FEMALE,0.05484848484848485,18.23204419889503,0.5132978723404256,0.20773480662983426,725.6800000000001,1413.7600000000002,372.49,32761.0,10890000.0,True,False,False,False,True,False,False,False,True,False
Adelie,Dream,39.8,19.1,184.0,4650.0,MALE,0.03956989247311828,25.27173913043478,0.47989949748743727,0.21630434782608693,760.18,1584.0399999999997,364.81000000000006,33856.0,21622500.0,True,False,False,False,True,False,False,False,False,True
Adelie,Dream,36.5,18.0,182.0,3150.0,FEMALE,0.057777777777777775,17.307692307692307,0.4931506849315068,0.20054945054945056,657.0,1332.25,324.0,33124.0,9922500.0,True,False,False,False,True,False,False,False,True,False
Adelie,Dream,40.8,18.4,195.0,3900.0,MALE,0.05,20.0,0.45098039215686275,0.20923076923076922,750.7199999999999,1664.6399999999999,338.55999999999995,38025.0,15210000.0,True,False,False,False,True,False,False,False,False,True
Adelie,Dream,36.0,18.5,186.0,3100.0,FEMALE,0.06,16.666666666666668,0.5138888888888888,0.1935483870967742,666.0,1296.0,342.25,34596.0,9610000.0,True,False,False,False,True,False,False,False,True,False
Adelie,Dream,44.1,19.7,196.0,4400.0,MALE,0.04454545454545455,22.448979591836736,0.44671201814058953,0.225,868.77,1944.8100000000002,388.09,38416.0,19360000.0,True,False,False,False,True,False,False,False,False,True
Adelie,Dream,37.0,16.9,185.0,3000.0,FEMALE,0.06166666666666667,16.216216216216218,0.4567567567567567,0.2,625.3,1369.0,285.60999999999996,34225.0,9000000.0,True,False,False,False,True,False,False,False,True,False
Adelie,Dream,39.6,18.8,190.0,4600.0,MALE,0.041304347826086954,24.210526315789473,0.47474747474747475,0.20842105263157895,744.48,1568.16,353.44000000000005,36100.0,21160000.0,True,False,False,False,True,False,False,False,False,True
Adelie,Dream,41.1,19.0,182.0,3425.0,MALE,0.053138686131386864,18.818681318681318,0.46228710462287104,0.22582417582417583,780.9,1689.21,361.0,33124.0,11730625.0,True,False,False,False,True,False,False,False,False,True
Adelie,Dream,37.5,18.9,179.0,2975.0,0,0.060168067226890755,16.620111731843576,0.504,0.20949720670391062,708.75,1406.25,357.2099999999999,32041.0,8850625.0,True,False,False,False,True,False,True,False,False,False
Adelie,Dream,36.0,17.9,190.0,3450.0,FEMALE,0.05507246376811594,18.157894736842106,0.4972222222222222,0.18947368421052632,644.4,1296.0,320.40999999999997,36100.0,11902500.0,True,False,False,False,True,False,False,False,True,False
Adelie,Dream,42.3,21.2,191.0,4150.0,MALE,0.04602409638554217,21.727748691099478,0.5011820330969268,0.22146596858638742,896.7599999999999,1789.2899999999997,449.44,36481.0,17222500.0,True,False,False,False,True,False,False,False,False,True
Adelie,Biscoe,39.6,17.7,186.0,3500.0,FEMALE,0.053142857142857144,18.817204301075268,0.44696969696969696,0.21290322580645163,700.92,1568.16,313.28999999999996,34596.0,12250000.0,True,False,False,True,False,False,False,False,True,False
Adelie,Biscoe,40.1,18.9,188.0,4300.0,MALE,0.04372093023255814,22.872340425531913,0.47132169576059846,0.21329787234042555,757.89,1608.0100000000002,357.2099999999999,35344.0,18490000.0,True,False,False,True,False,False,False,False,False,True
Adelie,Biscoe,35.0,17.9,190.0,3450.0,FEMALE,0.05507246376811594,18.157894736842106,0.5114285714285713,0.18421052631578946,626.5,1225.0,320.40999999999997,36100.0,11902500.0,True,False,False,True,False,False,False,False,True,False
Adelie,Biscoe,42.0,19.5,200.0,4050.0,MALE,0.04938271604938271,20.25,0.4642857142857143,0.21,819.0,1764.0,380.25,40000.0,16402500.0,True,False,False,True,False,False,False,False,False,True
Adelie,Biscoe,34.5,18.1,187.0,2900.0,FEMALE,0.06448275862068965,15.508021390374331,0.5246376811594203,0.18449197860962566,624.45,1190.25,327.61000000000007,34969.0,8410000.0,True,False,False,True,False,False,False,False,True,False
Adelie,Biscoe,41.4,18.6,191.0,3700.0,MALE,0.05162162162162162,19.3717277486911,0.44927536231884063,0.21675392670157068,770.0400000000001,1713.9599999999998,345.96000000000004,36481.0,13690000.0,True,False,False,True,False,False,False,False,False,True
Adelie,Biscoe,39.0,17.5,186.0,3550.0,FEMALE,0.0523943661971831,19.086021505376344,0.44871794871794873,0.20967741935483872,682.5,1521.0,306.25,34596.0,12602500.0,True,False,False,True,False,False,False,False,True,False
Adelie,Biscoe,40.6,18.8,193.0,3800.0,MALE,0.05078947368421052,19.689119170984455,0.4630541871921182,0.21036269430051815,763.2800000000001,1648.3600000000001,353.44000000000005,37249.0,14440000.0,True,False,False,True,False,False,False,False,False,True
Adelie,Biscoe,36.5,16.6,181.0,2850.0,FEMALE,0.06350877192982456,15.74585635359116,0.4547945205479452,0.20165745856353592,605.9000000000001,1332.25,275.56000000000006,32761.0,8122500.0,True,False,False,True,False,False,False,False,True,False
Adelie,Biscoe,37.6,19.1,194.0,3750.0,MALE,0.05173333333333333,19.329896907216494,0.5079787234042553,0.19381443298969073,718.1600000000001,1413.7600000000002,364.81000000000006,37636.0,14062500.0,True,False,False,True,False,False,False,False,False,True
Adelie,Biscoe,35.7,16.9,185.0,3150.0,FEMALE,0.05873015873015873,17.027027027027028,0.47338935574229685,0.192972972972973,603.33,1274.4900000000002,285.60999999999996,34225.0,9922500.0,True,False,False,True,False,False,False,False,True,False
Adelie,Biscoe,41.3,21.1,195.0,4400.0,MALE,0.04431818181818182,22.564102564102566,0.5108958837772398,0.21179487179487178,871.43,1705.6899999999998,445.21000000000004,38025.0,19360000.0,True,False,False,True,False,False,False,False,False,True
Adelie,Biscoe,37.6,17.0,185.0,3600.0,FEMALE,0.05138888888888889,19.45945945945946,0.45212765957446804,0.20324324324324325,639.2,1413.7600000000002,289.0,34225.0,12960000.0,True,False,False,True,False,False,False,False,True,False
Adelie,Biscoe,41.1,18.2,192.0,4050.0,MALE,0.047407407407407405,21.09375,0.4428223844282238,0.21406250000000002,748.02,1689.21,331.23999999999995,36864.0,16402500.0,True,False,False,True,False,False,False,False,False,True
Adelie,Biscoe,36.4,17.1,184.0,2850.0,FEMALE,0.06456140350877193,15.48913043478261,0.46978021978021983,0.19782608695652174,622.44,1324.9599999999998,292.41,33856.0,8122500.0,True,False,False,True,False,False,False,False,True,False
Adelie,Biscoe,41.6,18.0,192.0,3950.0,MALE,0.04860759493670886,20.572916666666668,0.43269230769230765,0.21666666666666667,748.8000000000001,1730.5600000000002,324.0,36864.0,15602500.0,True,False,False,True,False,False,False,False,False,True
Adelie,Biscoe,35.5,16.2,195.0,3350.0,FEMALE,0.058208955223880594,17.17948717948718,0.4563380281690141,0.18205128205128204,575.1,1260.25,262.44,38025.0,11222500.0,True,False,False,True,False,False,False,False,True,False
Adelie,Biscoe,41.1,19.1,188.0,4100.0,MALE,0.045853658536585365,21.80851063829787,0.464720194647202,0.21861702127659574,785.0100000000001,1689.21,364.81000000000006,35344.0,16810000.0,True,False,False,True,False,False,False,False,False,True
Adelie,Torgersen,35.9,16.6,190.0,3050.0,FEMALE,0.06229508196721312,16.05263157894737,0.46239554317548753,0.1889473684210526,595.94,1288.81,275.56000000000006,36100.0,9302500.0,True,False,False,False,False,True,False,False,True,False
Adelie,Torgersen,41.8,19.4,198.0,4450.0,MALE,0.04449438202247191,22.474747474747474,0.46411483253588515,0.2111111111111111,810.9199999999998,1747.2399999999998,376.35999999999996,39204.0,19802500.0,True,False,False,False,False,True,False,False,False,True
Adelie,Torgersen,33.5,19.0,190.0,3600.0,FEMALE,0.05277777777777778,18.94736842105263,0.5671641791044776,0.1763157894736842,636.5,1122.25,361.0,36100.0,12960000.0,True,False,False,False,False,True,False,False,True,False
Adelie,Torgersen,39.7,18.4,190.0,3900.0,MALE,0.04871794871794872,20.526315789473685,0.46347607052896717,0.20894736842105266,730.48,1576.0900000000001,338.55999999999995,36100.0,15210000.0,True,False,False,False,False,True,False,False,False,True
Adelie,Torgersen,39.6,17.2,196.0,3550.0,FEMALE,0.0552112676056338,18.112244897959183,0.4343434343434343,0.20204081632653062,681.12,1568.16,295.84,38416.0,12602500.0,True,False,False,False,False,True,False,False,True,False
Adelie,Torgersen,45.8,18.9,197.0,4150.0,MALE,0.047469879518072286,21.065989847715738,0.4126637554585153,0.23248730964467004,865.6199999999999,2097.64,357.2099999999999,38809.0,17222500.0,True,False,False,False,False,True,False,False,False,True
Adelie,Torgersen,35.5,17.5,190.0,3700.0,FEMALE,0.051351351351351354,19.473684210526315,0.49295774647887325,0.1868421052631579,621.25,1260.25,306.25,36100.0,13690000.0,True,False,False,False,False,True,False,False,True,False
Adelie,Torgersen,42.8,18.5,195.0,4250.0,MALE,0.04588235294117647,21.794871794871796,0.4322429906542056,0.21948717948717947,791.8,1831.8399999999997,342.25,38025.0,18062500.0,True,False,False,False,False,True,False,False,False,True
Adelie,Torgersen,40.9,16.8,191.0,3700.0,FEMALE,0.05162162162162162,19.3717277486911,0.41075794621026895,0.21413612565445025,687.12,1672.81,282.24,36481.0,13690000.0,True,False,False,False,False,True,False,False,True,False
Adelie,Torgersen,37.2,19.4,184.0,3900.0,MALE,0.04717948717948718,21.195652173913043,0.5215053763440859,0.2021739130434783,721.68,1383.8400000000001,376.35999999999996,33856.0,15210000.0,True,False,False,False,False,True,False,False,False,True
Adelie,Torgersen,36.2,16.1,187.0,3550.0,FEMALE,0.05267605633802817,18.983957219251337,0.44475138121546964,0.19358288770053478,582.82,1310.4400000000003,259.21000000000004,34969.0,12602500.0,True,False,False,False,False,True,False,False,True,False
Adelie,Torgersen,42.1,19.1,195.0,4000.0,MALE,0.04875,20.512820512820515,0.45368171021377673,0.2158974358974359,804.1100000000001,1772.41,364.81000000000006,38025.0,16000000.0,True,False,False,False,False,True,False,False,False,True
Adelie,Torgersen,34.6,17.2,189.0,3200.0,FEMALE,0.0590625,16.93121693121693,0.49710982658959535,0.18306878306878308,595.12,1197.16,295.84,35721.0,10240000.0,True,False,False,False,False,True,False,False,True,False
Adelie,Torgersen,42.9,17.6,196.0,4700.0,MALE,0.04170212765957447,23.979591836734695,0.4102564102564103,0.21887755102040815,755.0400000000001,1840.4099999999999,309.76000000000005,38416.0,22090000.0,True,False,False,False,False,True,False,False,False,True
Adelie,Torgersen,36.7,18.8,187.0,3800.0,FEMALE,0.049210526315789475,20.32085561497326,0.5122615803814714,0.1962566844919786,689.96,1346.89,353.44000000000005,34969.0,14440000.0,True,False,False,False,False,True,False,False,True,False
Adelie,Torgersen,35.1,19.4,193.0,4200.0,MALE,0.04595238095238095,21.761658031088082,0.5527065527065527,0.18186528497409327,680.9399999999999,1232.01,376.35999999999996,37249.0,17640000.0,True,False,False,False,False,True,False,False,False,True
Adelie,Dream,37.3,17.8,191.0,3350.0,FEMALE,0.05701492537313433,17.539267015706805,0.47721179624664883,0.19528795811518324,663.9399999999999,1391.2899999999997,316.84000000000003,36481.0,11222500.0,True,False,False,False,True,False,False,False,True,False
Adelie,Dream,41.3,20.3,194.0,3550.0,MALE,0.05464788732394366,18.298969072164947,0.49152542372881364,0.21288659793814432,838.39,1705.6899999999998,412.09000000000003,37636.0,12602500.0,True,False,False,False,True,False,False,False,False,True
Adelie,Dream,36.3,19.5,190.0,3800.0,MALE,0.05,20.0,0.5371900826446281,0.19105263157894736,707.8499999999999,1317.6899999999998,380.25,36100.0,14440000.0,True,False,False,False,True,False,False,False,False,True
Adelie,Dream,36.9,18.6,189.0,3500.0,FEMALE,0.054,18.51851851851852,0.5040650406504066,0.19523809523809524,686.34,1361.61,345.96000000000004,35721.0,12250000.0,True,False,False,False,True,False,False,False,True,False
Adelie,Dream,38.3,19.2,189.0,3950.0,MALE,0.047848101265822784,20.8994708994709,0.5013054830287207,0.20264550264550263,735.3599999999999,1466.8899999999999,368.64,35721.0,15602500.0,True,False,False,False,True,False,False,False,False,True
Adelie,Dream,38.9,18.8,190.0,3600.0,FEMALE,0.05277777777777778,18.94736842105263,0.48329048843187666,0.20473684210526316,731.32,1513.2099999999998,353.44000000000005,36100.0,12960000.0,True,False,False,False,True,False,False,False,True,False
Adelie,Dream,35.7,18.0,202.0,3550.0,FEMALE,0.056901408450704224,17.574257425742573,0.5042016806722689,0.17673267326732675,642.6,1274.4900000000002,324.0,40804.0,12602500.0,True,False,False,False,True,False,False,False,True,False
Adelie,Dream,41.1,18.1,205.0,4300.0,MALE,0.047674418604651166,20.975609756097562,0.44038929440389296,0.2004878048780488,743.9100000000001,1689.21,327.61000000000007,42025.0,18490000.0,True,False,False,False,True,False,False,False,False,True
Adelie,Dream,34.0,17.1,185.0,3400.0,FEMALE,0.054411764705882354,18.37837837837838,0.5029411764705882,0.1837837837837838,581.4000000000001,1156.0,292.41,34225.0,11560000.0,True,False,False,False,True,False,False,False,True,False
Adelie,Dream,39.6,18.1,186.0,4450.0,MALE,0.041797752808988765,23.9247311827957,0.45707070707070707,0.21290322580645163,716.7600000000001,1568.16,327.61000000000007,34596.0,19802500.0,True,False,False,False,True,False,False,False,False,True
Adelie,Dream,36.2,17.3,187.0,3300.0,FEMALE,0.056666666666666664,17.647058823529413,0.47790055248618785,0.19358288770053478,626.2600000000001,1310.4400000000003,299.29,34969.0,10890000.0,True,False,False,False,True,False,False,False,True,False
Adelie,Dream,40.8,18.9,208.0,4300.0,MALE,0.04837209302325581,20.673076923076923,0.4632352941176471,0.19615384615384615,771.1199999999999,1664.6399999999999,357.2099999999999,43264.0,18490000.0,True,False,False,False,True,False,False,False,False,True
Adelie,Dream,38.1,18.6,190.0,3700.0,FEMALE,0.051351351351351354,19.473684210526315,0.4881889763779528,0.2005263157894737,708.6600000000001,1451.6100000000001,345.96000000000004,36100.0,13690000.0,True,False,False,False,True,False,False,False,True,False
Adelie,Dream,40.3,18.5,196.0,4350.0,MALE,0.045057471264367814,22.193877551020407,0.4590570719602978,0.20561224489795918,745.55,1624.0899999999997,342.25,38416.0,18922500.0,True,False,False,False,True,False,False,False,False,True
Adelie,Dream,33.1,16.1,178.0,2900.0,FEMALE,0.06137931034482759,16.292134831460675,0.486404833836858,0.18595505617977529,532.9100000000001,1095.6100000000001,259.21000000000004,31684.0,8410000.0,True,False,False,False,True,False,False,False,True,False
Adelie,Dream,43.2,18.5,192.0,4100.0,MALE,0.04682926829268293,21.354166666666668,0.4282407407407407,0.225,799.2,1866.2400000000002,342.25,36864.0,16810000.0,True,False,False,False,True,False,False,False,False,True
Adelie,Biscoe,35.0,17.9,192.0,3725.0,FEMALE,0.051543624161073824,19.401041666666668,0.5114285714285713,0.18229166666666666,626.5,1225.0,320.40999999999997,36864.0,13875625.0,True,False,False,True,False,False,False,False,True,False
Adelie,Biscoe,41.0,20.0,203.0,4725.0,MALE,0.04296296296296296,23.275862068965516,0.4878048780487805,0.2019704433497537,820.0,1681.0,400.0,41209.0,22325625.0,True,False,False,True,False,False,False,False,False,True
Adelie,Biscoe,37.7,16.0,183.0,3075.0,FEMALE,0.05951219512195122,16.80327868852459,0.42440318302387264,0.20601092896174866,603.2,1421.2900000000002,256.0,33489.0,9455625.0,True,False,False,True,False,False,False,False,True,False
Adelie,Biscoe,37.8,20.0,190.0,4250.0,MALE,0.04470588235294118,22.36842105263158,0.5291005291005292,0.19894736842105262,756.0,1428.8399999999997,400.0,36100.0,18062500.0,True,False,False,True,False,False,False,False,False,True
Adelie,Biscoe,37.9,18.6,193.0,2925.0,FEMALE,0.06598290598290599,15.155440414507773,0.4907651715039578,0.19637305699481863,704.94,1436.4099999999999,345.96000000000004,37249.0,8555625.0,True,False,False,True,False,False,False,False,True,False
Adelie,Biscoe,39.7,18.9,184.0,3550.0,MALE,0.051830985915492955,19.293478260869566,0.4760705289672543,0.2157608695652174,750.33,1576.0900000000001,357.2099999999999,33856.0,12602500.0,True,False,False,True,False,False,False,False,False,True
Adelie,Biscoe,38.6,17.2,199.0,3750.0,FEMALE,0.053066666666666665,18.844221105527637,0.44559585492227977,0.19396984924623117,663.92,1489.96,295.84,39601.0,14062500.0,True,False,False,True,False,False,False,False,True,False
Adelie,Biscoe,38.2,20.0,190.0,3900.0,MALE,0.04871794871794872,20.526315789473685,0.5235602094240838,0.20105263157894737,764.0,1459.2400000000002,400.0,36100.0,15210000.0,True,False,False,True,False,False,False,False,False,True
Adelie,Biscoe,38.1,17.0,181.0,3175.0,FEMALE,0.057007874015748035,17.5414364640884,0.44619422572178474,0.21049723756906077,647.7,1451.6100000000001,289.0,32761.0,10080625.0,True,False,False,True,False,False,False,False,True,False
Adelie,Biscoe,43.2,19.0,197.0,4775.0,MALE,0.0412565445026178,24.238578680203045,0.43981481481481477,0.21928934010152284,820.8000000000001,1866.2400000000002,361.0,38809.0,22800625.0,True,False,False,True,False,False,False,False,False,True
Adelie,Biscoe,38.1,16.5,198.0,3825.0,FEMALE,0.05176470588235294,19.318181818181817,0.4330708661417323,0.19242424242424244,628.65,1451.6100000000001,272.25,39204.0,14630625.0,True,False,False,True,False,False,False,False,True,False
Adelie,Biscoe,45.6,20.3,191.0,4600.0,MALE,0.04152173913043478,24.083769633507853,0.4451754385964912,0.2387434554973822,925.6800000000001,2079.36,412.09000000000003,36481.0,21160000.0,True,False,False,True,False,False,False,False,False,True
Adelie,Biscoe,39.7,17.7,193.0,3200.0,FEMALE,0.0603125,16.580310880829014,0.4458438287153652,0.205699481865285,702.69,1576.0900000000001,313.28999999999996,37249.0,10240000.0,True,False,False,True,False,False,False,False,True,False
Adelie,Biscoe,42.2,19.5,197.0,4275.0,MALE,0.04608187134502924,21.700507614213198,0.462085308056872,0.21421319796954316,822.9000000000001,1780.8400000000001,380.25,38809.0,18275625.0,True,False,False,True,False,False,False,False,False,True
Adelie,Biscoe,39.6,20.7,191.0,3900.0,FEMALE,0.04897435897435897,20.418848167539267,0.5227272727272727,0.20732984293193718,819.72,1568.16,428.48999999999995,36481.0,15210000.0,True,False,False,True,False,False,False,False,True,False
Adelie,Biscoe,42.7,18.3,196.0,4075.0,MALE,0.04809815950920245,20.790816326530614,0.42857142857142855,0.21785714285714286,781.4100000000001,1823.2900000000002,334.89000000000004,38416.0,16605625.0,True,False,False,True,False,False,False,False,False,True
Adelie,Torgersen,38.6,17.0,188.0,2900.0,FEMALE,0.06482758620689655,15.425531914893616,0.44041450777202074,0.20531914893617023,656.2,1489.96,289.0,35344.0,8410000.0,True,False,False,False,False,True,False,False,True,False
Adelie,Torgersen,37.3,20.5,199.0,3775.0,MALE,0.05271523178807947,18.969849246231156,0.5495978552278821,0.18743718592964823,764.65,1391.2899999999997,420.25,39601.0,14250625.0,True,False,False,False,False,True,False,False,False,True
Adelie,Torgersen,35.7,17.0,189.0,3350.0,FEMALE,0.05641791044776119,17.724867724867725,0.47619047619047616,0.1888888888888889,606.9000000000001,1274.4900000000002,289.0,35721.0,11222500.0,True,False,False,False,False,True,False,False,True,False
Adelie,Torgersen,41.1,18.6,189.0,3325.0,MALE,0.056842105263157895,17.59259259259259,0.45255474452554745,0.21746031746031746,764.46,1689.21,345.96000000000004,35721.0,11055625.0,True,False,False,False,False,True,False,False,False,True
Adelie,Torgersen,36.2,17.2,187.0,3150.0,FEMALE,0.059365079365079364,16.844919786096256,0.4751381215469613,0.19358288770053478,622.64,1310.4400000000003,295.84,34969.0,9922500.0,True,False,False,False,False,True,False,False,True,False
Adelie,Torgersen,37.7,19.8,198.0,3500.0,MALE,0.05657142857142857,17.67676767676768,0.5251989389920424,0.1904040404040404,746.46,1421.2900000000002,392.04,39204.0,12250000.0,True,False,False,False,False,True,False,False,False,True
Adelie,Torgersen,40.2,17.0,176.0,3450.0,FEMALE,0.051014492753623186,19.602272727272727,0.42288557213930345,0.22840909090909092,683.4000000000001,1616.0400000000002,289.0,30976.0,11902500.0,True,False,False,False,False,True,False,False,True,False
Adelie,Torgersen,41.4,18.5,202.0,3875.0,MALE,0.05212903225806451,19.183168316831683,0.44685990338164255,0.20495049504950494,765.9,1713.9599999999998,342.25,40804.0,15015625.0,True,False,False,False,False,True,False,False,False,True
Adelie,Torgersen,35.2,15.9,186.0,3050.0,FEMALE,0.06098360655737705,16.397849462365592,0.4517045454545454,0.189247311827957,559.6800000000001,1239.0400000000002,252.81,34596.0,9302500.0,True,False,False,False,False,True,False,False,True,False
Adelie,Torgersen,40.6,19.0,199.0,4000.0,MALE,0.04975,20.100502512562816,0.46798029556650245,0.20402010050251257,771.4,1648.3600000000001,361.0,39601.0,16000000.0,True,False,False,False,False,True,False,False,False,True
Adelie,Torgersen,38.8,17.6,191.0,3275.0,FEMALE,0.0583206106870229,17.146596858638745,0.45360824742268047,0.2031413612565445,682.88,1505.4399999999998,309.76000000000005,36481.0,10725625.0,True,False,False,False,False,True,False,False,True,False
Adelie,Torgersen,41.5,18.3,195.0,4300.0,MALE,0.04534883720930233,22.05128205128205,0.44096385542168676,0.2128205128205128,759.45,1722.25,334.89000000000004,38025.0,18490000.0,True,False,False,False,False,True,False,False,False,True
Adelie,Torgersen,39.0,17.1,191.0,3050.0,FEMALE,0.06262295081967213,15.968586387434556,0.4384615384615385,0.20418848167539266,666.9000000000001,1521.0,292.41,36481.0,9302500.0,True,False,False,False,False,True,False,False,True,False
Adelie,Torgersen,44.1,18.0,210.0,4000.0,MALE,0.0525,19.047619047619047,0.40816326530612246,0.21000000000000002,793.8000000000001,1944.8100000000002,324.0,44100.0,16000000.0,True,False,False,False,False,True,False,False,False,True
Adelie,Torgersen,38.5,17.9,190.0,3325.0,FEMALE,0.05714285714285714,17.5,0.4649350649350649,0.2026315789473684,689.15,1482.25,320.40999999999997,36100.0,11055625.0,True,False,False,False,False,True,False,False,True,False
Adelie,Torgersen,43.1,19.2,197.0,3500.0,MALE,0.056285714285714286,17.766497461928935,0.44547563805104406,0.21878172588832487,827.52,1857.6100000000001,368.64,38809.0,12250000.0,True,False,False,False,False,True,False,False,False,True
Adelie,Dream,36.8,18.5,193.0,3500.0,FEMALE,0.055142857142857146,18.134715025906736,0.5027173913043479,0.19067357512953367,680.8,1354.2399999999998,342.25,37249.0,12250000.0,True,False,False,False,True,False,False,False,True,False
Adelie,Dream,37.5,18.5,199.0,4475.0,MALE,0.04446927374301676,22.487437185929647,0.49333333333333335,0.1884422110552764,693.75,1406.25,342.25,39601.0,20025625.0,True,False,False,False,True,False,False,False,False,True
Adelie,Dream,38.1,17.6,187.0,3425.0,FEMALE,0.0545985401459854,18.315508021390375,0.46194225721784776,0.2037433155080214,670.5600000000001,1451.6100000000001,309.76000000000005,34969.0,11730625.0,True,False,False,False,True,False,False,False,True,False
Adelie,Dream,41.1,17.5,190.0,3900.0,MALE,0.04871794871794872,20.526315789473685,0.4257907542579075,0.2163157894736842,719.25,1689.21,306.25,36100.0,15210000.0,True,False,False,False,True,False,False,False,False,True
Adelie,Dream,35.6,17.5,191.0,3175.0,FEMALE,0.06015748031496063,16.623036649214658,0.49157303370786515,0.18638743455497384,623.0,1267.3600000000001,306.25,36481.0,10080625.0,True,False,False,False,True,False,False,False,True,False
Adelie,Dream,40.2,20.1,200.0,3975.0,MALE,0.050314465408805034,19.875,0.5,0.201,808.0200000000001,1616.0400000000002,404.01000000000005,40000.0,15800625.0,True,False,False,False,True,False,False,False,False,True
Adelie,Dream,37.0,16.5,185.0,3400.0,FEMALE,0.054411764705882354,18.37837837837838,0.44594594594594594,0.2,610.5,1369.0,272.25,34225.0,11560000.0,True,False,False,False,True,False,False,False,True,False
Adelie,Dream,39.7,17.9,193.0,4250.0,MALE,0.04541176470588235,22.020725388601036,0.45088161209068,0.205699481865285,710.63,1576.0900000000001,320.40999999999997,37249.0,18062500.0,True,False,False,False,True,False,False,False,False,True
Adelie,Dream,40.2,17.1,193.0,3400.0,FEMALE,0.05676470588235294,17.616580310880828,0.4253731343283582,0.20829015544041452,687.4200000000001,1616.0400000000002,292.41,37249.0,11560000.0,True,False,False,False,True,False,False,False,True,False
Adelie,Dream,40.6,17.2,187.0,3475.0,MALE,0.05381294964028777,18.58288770053476,0.4236453201970443,0.21711229946524066,698.32,1648.3600000000001,295.84,34969.0,12075625.0,True,False,False,False,True,False,False,False,False,True
Adelie,Dream,32.1,15.5,188.0,3050.0,FEMALE,0.06163934426229508,16.22340425531915,0.48286604361370716,0.17074468085106384,497.55,1030.41,240.25,35344.0,9302500.0,True,False,False,False,True,False,False,False,True,False
Adelie,Dream,40.7,17.0,190.0,3725.0,MALE,0.05100671140939597,19.605263157894736,0.41769041769041765,0.2142105263157895,691.9000000000001,1656.4900000000002,289.0,36100.0,13875625.0,True,False,False,False,True,False,False,False,False,True
Adelie,Dream,37.3,16.8,192.0,3000.0,FEMALE,0.064,15.625,0.45040214477211804,0.1942708333333333,626.64,1391.2899999999997,282.24,36864.0,9000000.0,True,False,False,False,True,False,False,False,True,False
Adelie,Dream,39.0,18.7,185.0,3650.0,MALE,0.050684931506849315,19.72972972972973,0.47948717948717945,0.21081081081081082,729.3,1521.0,349.69,34225.0,13322500.0,True,False,False,False,True,False,False,False,False,True
Adelie,Dream,39.2,18.6,190.0,4250.0,MALE,0.04470588235294118,22.36842105263158,0.4744897959183674,0.20631578947368423,729.1200000000001,1536.6400000000003,345.96000000000004,36100.0,18062500.0,True,False,False,False,True,False,False,False,False,True
Adelie,Dream,36.6,18.4,184.0,3475.0,FEMALE,0.052949640287769786,18.88586956521739,0.5027322404371584,0.1989130434782609,673.4399999999999,1339.5600000000002,338.55999999999995,33856.0,12075625.0,True,False,False,False,True,False,False,False,True,False
Adelie,Dream,36.0,17.8,195.0,3450.0,FEMALE,0.05652173913043478,17.692307692307693,0.49444444444444446,0.18461538461538463,640.8000000000001,1296.0,316.84000000000003,38025.0,11902500.0,True,False,False,False,True,False,False,False,True,False
Adelie,Dream,37.8,18.1,193.0,3750.0,MALE,0.05146666666666667,19.430051813471504,0.4788359788359789,0.19585492227979273,684.18,1428.8399999999997,327.61000000000007,37249.0,14062500.0,True,False,False,False,True,False,False,False,False,True
Adelie,Dream,36.0,17.1,187.0,3700.0,FEMALE,0.05054054054054054,19.78609625668449,0.47500000000000003,0.1925133689839572,615.6,1296.0,292.41,34969.0,13690000.0,True,False,False,False,True,False,False,False,True,False
Adelie,Dream,41.5,18.5,201.0,4000.0,MALE,0.05025,19.90049751243781,0.4457831325301205,0.2064676616915423,767.75,1722.25,342.25,40401.0,16000000.0,True,False,False,False,True,False,False,False,False,True
Chinstrap,Dream,46.5,17.9,192.0,3500.0,FEMALE,0.054857142857142854,18.229166666666668,0.38494623655913973,0.2421875,832.3499999999999,2162.25,320.40999999999997,36864.0,12250000.0,False,True,False,False,True,False,False,False,True,False
Chinstrap,Dream,50.0,19.5,196.0,3900.0,MALE,0.050256410256410255,19.897959183673468,0.39,0.25510204081632654,975.0,2500.0,380.25,38416.0,15210000.0,False,True,False,False,True,False,False,False,False,True
Chinstrap,Dream,51.3,19.2,193.0,3650.0,MALE,0.052876712328767124,18.911917098445596,0.3742690058479532,0.26580310880829017,984.9599999999999,2631.6899999999996,368.64,37249.0,13322500.0,False,True,False,False,True,False,False,False,False,True
Chinstrap,Dream,45.4,18.7,188.0,3525.0,FEMALE,0.05333333333333334,18.75,0.4118942731277533,0.24148936170212765,848.9799999999999,2061.16,349.69,35344.0,12425625.0,False,True,False,False,True,False,False,False,True,False
Chinstrap,Dream,52.7,19.8,197.0,3725.0,MALE,0.05288590604026846,18.908629441624367,0.3757115749525617,0.26751269035533,1043.46,2777.2900000000004,392.04,38809.0,13875625.0,False,True,False,False,True,False,False,False,False,True
Chinstrap,Dream,45.2,17.8,198.0,3950.0,FEMALE,0.05012658227848101,19.949494949494948,0.3938053097345133,0.2282828282828283,804.5600000000001,2043.0400000000002,316.84000000000003,39204.0,15602500.0,False,True,False,False,True,False,False,False,True,False
Chinstrap,Dream,46.1,18.2,178.0,3250.0,FEMALE,0.05476923076923077,18.258426966292134,0.3947939262472885,0.2589887640449438,839.02,2125.21,331.23999999999995,31684.0,10562500.0,False,True,False,False,True,False,False,False,True,False
Chinstrap,Dream,51.3,18.2,197.0,3750.0,MALE,0.052533333333333335,19.03553299492386,0.35477582846003897,0.26040609137055837,933.66,2631.6899999999996,331.23999999999995,38809.0,14062500.0,False,True,False,False,True,False,False,False,False,True
Chinstrap,Dream,46.0,18.9,195.0,4150.0,FEMALE,0.046987951807228916,21.28205128205128,0.41086956521739126,0.2358974358974359,869.4,2116.0,357.2099999999999,38025.0,17222500.0,False,True,False,False,True,False,False,False,True,False
Chinstrap,Dream,51.3,19.9,198.0,3700.0,MALE,0.053513513513513515,18.68686868686869,0.38791423001949316,0.2590909090909091,1020.8699999999999,2631.6899999999996,396.00999999999993,39204.0,13690000.0,False,True,False,False,True,False,False,False,False,True
Chinstrap,Dream,46.6,17.8,193.0,3800.0,FEMALE,0.05078947368421052,19.689119170984455,0.38197424892703863,0.24145077720207256,829.48,2171.56,316.84000000000003,37249.0,14440000.0,False,True,False,False,True,False,False,False,True,False
Chinstrap,Dream,51.7,20.3,194.0,3775.0,MALE,0.05139072847682119,19.45876288659794,0.39264990328820115,0.26649484536082474,1049.51,2672.8900000000003,412.09000000000003,37636.0,14250625.0,False,True,False,False,True,False,False,False,False,True
Chinstrap,Dream,47.0,17.3,185.0,3700.0,FEMALE,0.05,20.0,0.36808510638297876,0.25405405405405407,813.1,2209.0,299.29,34225.0,13690000.0,False,True,False,False,True,False,False,False,True,False
Chinstrap,Dream,52.0,18.1,201.0,4050.0,MALE,0.04962962962962963,20.149253731343283,0.3480769230769231,0.25870646766169153,941.2,2704.0,327.61000000000007,40401.0,16402500.0,False,True,False,False,True,False,False,False,False,True
Chinstrap,Dream,45.9,17.1,190.0,3575.0,FEMALE,0.05314685314685315,18.81578947368421,0.3725490196078432,0.24157894736842103,784.89,2106.81,292.41,36100.0,12780625.0,False,True,False,False,True,False,False,False,True,False
Chinstrap,Dream,50.5,19.6,201.0,4050.0,MALE,0.04962962962962963,20.149253731343283,0.38811881188118813,0.2512437810945274,989.8000000000001,2550.25,384.1600000000001,40401.0,16402500.0,False,True,False,False,True,False,False,False,False,True
Chinstrap,Dream,50.3,20.0,197.0,3300.0,MALE,0.0596969696969697,16.751269035532996,0.3976143141153082,0.25532994923857866,1006.0,2530.0899999999997,400.0,38809.0,10890000.0,False,True,False,False,True,False,False,False,False,True
Chinstrap,Dream,58.0,17.8,181.0,3700.0,FEMALE,0.04891891891891892,20.441988950276244,0.30689655172413793,0.32044198895027626,1032.4,3364.0,316.84000000000003,32761.0,13690000.0,False,True,False,False,True,False,False,False,True,False
Chinstrap,Dream,46.4,18.6,190.0,3450.0,FEMALE,0.05507246376811594,18.157894736842106,0.4008620689655173,0.24421052631578946,863.0400000000001,2152.96,345.96000000000004,36100.0,11902500.0,False,True,False,False,True,False,False,False,True,False
Chinstrap,Dream,49.2,18.2,195.0,4400.0,MALE,0.04431818181818182,22.564102564102566,0.36991869918699183,0.25230769230769234,895.44,2420.6400000000003,331.23999999999995,38025.0,19360000.0,False,True,False,False,True,False,False,False,False,True
Chinstrap,Dream,42.4,17.3,181.0,3600.0,FEMALE,0.050277777777777775,19.88950276243094,0.40801886792452835,0.23425414364640884,733.52,1797.76,299.29,32761.0,12960000.0,False,True,False,False,True,False,False,False,True,False
Chinstrap,Dream,48.5,17.5,191.0,3400.0,MALE,0.05617647058823529,17.801047120418847,0.36082474226804123,0.25392670157068065,848.75,2352.25,306.25,36481.0,11560000.0,False,True,False,False,True,False,False,False,False,True
Chinstrap,Dream,43.2,16.6,187.0,2900.0,FEMALE,0.06448275862068965,15.508021390374331,0.38425925925925924,0.23101604278074866,717.1200000000001,1866.2400000000002,275.56000000000006,34969.0,8410000.0,False,True,False,False,True,False,False,False,True,False
Chinstrap,Dream,50.6,19.4,193.0,3800.0,MALE,0.05078947368421052,19.689119170984455,0.38339920948616596,0.2621761658031088,981.64,2560.36,376.35999999999996,37249.0,14440000.0,False,True,False,False,True,False,False,False,False,True
Chinstrap,Dream,46.7,17.9,195.0,3300.0,FEMALE,0.05909090909090909,16.923076923076923,0.3832976445396145,0.2394871794871795,835.93,2180.8900000000003,320.40999999999997,38025.0,10890000.0,False,True,False,False,True,False,False,False,True,False
Chinstrap,Dream,52.0,19.0,197.0,4150.0,MALE,0.047469879518072286,21.065989847715738,0.36538461538461536,0.2639593908629442,988.0,2704.0,361.0,38809.0,17222500.0,False,True,False,False,True,False,False,False,False,True
Chinstrap,Dream,50.5,18.4,200.0,3400.0,FEMALE,0.058823529411764705,17.0,0.36435643564356435,0.2525,929.1999999999999,2550.25,338.55999999999995,40000.0,11560000.0,False,True,False,False,True,False,False,False,True,False
Chinstrap,Dream,49.5,19.0,200.0,3800.0,MALE,0.05263157894736842,19.0,0.3838383838383838,0.2475,940.5,2450.25,361.0,40000.0,14440000.0,False,True,False,False,True,False,False,False,False,True
Chinstrap,Dream,46.4,17.8,191.0,3700.0,FEMALE,0.05162162162162162,19.3717277486911,0.38362068965517243,0.24293193717277486,825.92,2152.96,316.84000000000003,36481.0,13690000.0,False,True,False,False,True,False,False,False,True,False
Chinstrap,Dream,52.8,20.0,205.0,4550.0,MALE,0.045054945054945054,22.195121951219512,0.3787878787878788,0.2575609756097561,1056.0,2787.8399999999997,400.0,42025.0,20702500.0,False,True,False,False,True,False,False,False,False,True
Chinstrap,Dream,40.9,16.6,187.0,3200.0,FEMALE,0.0584375,17.112299465240643,0.40586797066014674,0.21871657754010695,678.94,1672.81,275.56000000000006,34969.0,10240000.0,False,True,False,False,True,False,False,False,True,False
Chinstrap,Dream,54.2,20.8,201.0,4300.0,MALE,0.04674418604651163,21.393034825870647,0.3837638376383764,0.26965174129353237,1127.3600000000001,2937.6400000000003,432.64000000000004,40401.0,18490000.0,False,True,False,False,True,False,False,False,False,True
Chinstrap,Dream,42.5,16.7,187.0,3350.0,FEMALE,0.05582089552238806,17.914438502673796,0.39294117647058824,0.22727272727272727,709.75,1806.25,278.89,34969.0,11222500.0,False,True,False,False,True,False,False,False,True,False
Chinstrap,Dream,51.0,18.8,203.0,4100.0,MALE,0.04951219512195122,20.19704433497537,0.3686274509803922,0.2512315270935961,958.8000000000001,2601.0,353.44000000000005,41209.0,16810000.0,False,True,False,False,True,False,False,False,False,True
Chinstrap,Dream,49.7,18.6,195.0,3600.0,MALE,0.05416666666666667,18.46153846153846,0.37424547283702214,0.2548717948717949,924.4200000000001,2470.09,345.96000000000004,38025.0,12960000.0,False,True,False,False,True,False,False,False,False,True
Chinstrap,Dream,47.5,16.8,199.0,3900.0,FEMALE,0.05102564102564103,19.597989949748744,0.3536842105263158,0.23869346733668342,798.0,2256.25,282.24,39601.0,15210000.0,False,True,False,False,True,False,False,False,True,False
Chinstrap,Dream,47.6,18.3,195.0,3850.0,FEMALE,0.05064935064935065,19.743589743589745,0.38445378151260506,0.24410256410256412,871.08,2265.76,334.89000000000004,38025.0,14822500.0,False,True,False,False,True,False,False,False,True,False
Chinstrap,Dream,52.0,20.7,210.0,4800.0,MALE,0.04375,22.857142857142858,0.39807692307692305,0.24761904761904763,1076.3999999999999,2704.0,428.48999999999995,44100.0,23040000.0,False,True,False,False,True,False,False,False,False,True
Chinstrap,Dream,46.9,16.6,192.0,2700.0,FEMALE,0.07111111111111111,14.0625,0.3539445628997868,0.24427083333333333,778.5400000000001,2199.6099999999997,275.56000000000006,36864.0,7290000.0,False,True,False,False,True,False,False,False,True,False
Chinstrap,Dream,53.5,19.9,205.0,4500.0,MALE,0.04555555555555556,21.951219512195124,0.37196261682242987,0.26097560975609757,1064.6499999999999,2862.25,396.00999999999993,42025.0,20250000.0,False,True,False,False,True,False,False,False,False,True
Chinstrap,Dream,49.0,19.5,210.0,3950.0,MALE,0.053164556962025315,18.80952380952381,0.3979591836734694,0.23333333333333334,955.5,2401.0,380.25,44100.0,15602500.0,False,True,False,False,True,False,False,False,False,True
Chinstrap,Dream,46.2,17.5,187.0,3650.0,FEMALE,0.05123287671232877,19.518716577540108,0.3787878787878788,0.24705882352941178,808.5,2134.44,306.25,34969.0,13322500.0,False,True,False,False,True,False,False,False,True,False
Chinstrap,Dream,50.9,19.1,196.0,3550.0,MALE,0.0552112676056338,18.112244897959183,0.37524557956778,0.2596938775510204,972.19,2590.81,364.81000000000006,38416.0,12602500.0,False,True,False,False,True,False,False,False,False,True
Chinstrap,Dream,45.5,17.0,196.0,3500.0,FEMALE,0.056,17.857142857142858,0.37362637362637363,0.23214285714285715,773.5,2070.25,289.0,38416.0,12250000.0,False,True,False,False,True,False,False,False,True,False
Chinstrap,Dream,50.9,17.9,196.0,3675.0,FEMALE,0.05333333333333334,18.75,0.3516699410609037,0.2596938775510204,911.1099999999999,2590.81,320.40999999999997,38416.0,13505625.0,False,True,False,False,True,False,False,False,True,False
Chinstrap,Dream,50.8,18.5,201.0,4450.0,MALE,0.045168539325842694,22.139303482587064,0.3641732283464567,0.2527363184079602,939.8,2580.64,342.25,40401.0,19802500.0,False,True,False,False,True,False,False,False,False,True
Chinstrap,Dream,50.1,17.9,190.0,3400.0,FEMALE,0.05588235294117647,17.894736842105264,0.3572854291417165,0.2636842105263158,896.79,2510.01,320.40999999999997,36100.0,11560000.0,False,True,False,False,True,False,False,False,True,False
Chinstrap,Dream,49.0,19.6,212.0,4300.0,MALE,0.04930232558139535,20.28301886792453,0.4,0.23113207547169812,960.4000000000001,2401.0,384.1600000000001,44944.0,18490000.0,False,True,False,False,True,False,False,False,False,True
Chinstrap,Dream,51.5,18.7,187.0,3250.0,MALE,0.05753846153846154,17.379679144385026,0.3631067961165048,0.27540106951871657,963.05,2652.25,349.69,34969.0,10562500.0,False,True,False,False,True,False,False,False,False,True
Chinstrap,Dream,49.8,17.3,198.0,3675.0,FEMALE,0.053877551020408164,18.560606060606062,0.34738955823293177,0.2515151515151515,861.54,2480.0399999999995,299.29,39204.0,13505625.0,False,True,False,False,True,False,False,False,True,False
Chinstrap,Dream,48.1,16.4,199.0,3325.0,FEMALE,0.059849624060150375,16.70854271356784,0.3409563409563409,0.24170854271356784,788.8399999999999,2313.61,268.96,39601.0,11055625.0,False,True,False,False,True,False,False,False,True,False
Chinstrap,Dream,51.4,19.0,201.0,3950.0,MALE,0.05088607594936709,19.65174129353234,0.36964980544747084,0.2557213930348259,976.6,2641.96,361.0,40401.0,15602500.0,False,True,False,False,True,False,False,False,False,True
Chinstrap,Dream,45.7,17.3,193.0,3600.0,FEMALE,0.05361111111111111,18.65284974093264,0.3785557986870897,0.2367875647668394,790.6100000000001,2088.4900000000002,299.29,37249.0,12960000.0,False,True,False,False,True,False,False,False,True,False
Chinstrap,Dream,50.7,19.7,203.0,4050.0,MALE,0.050123456790123457,19.950738916256157,0.388560157790927,0.2497536945812808,998.79,2570.4900000000002,388.09,41209.0,16402500.0,False,True,False,False,True,False,False,False,False,True
Chinstrap,Dream,42.5,17.3,187.0,3350.0,FEMALE,0.05582089552238806,17.914438502673796,0.4070588235294118,0.22727272727272727,735.25,1806.25,299.29,34969.0,11222500.0,False,True,False,False,True,False,False,False,True,False
Chinstrap,Dream,52.2,18.8,197.0,3450.0,MALE,0.05710144927536232,17.512690355329948,0.36015325670498083,0.26497461928934013,981.3600000000001,2724.84,353.44000000000005,38809.0,11902500.0,False,True,False,False,True,False,False,False,False,True
Chinstrap,Dream,45.2,16.6,191.0,3250.0,FEMALE,0.05876923076923077,17.015706806282722,0.3672566371681416,0.23664921465968589,750.3200000000002,2043.0400000000002,275.56000000000006,36481.0,10562500.0,False,True,False,False,True,False,False,False,True,False
Chinstrap,Dream,49.3,19.9,203.0,4050.0,MALE,0.050123456790123457,19.950738916256157,0.40365111561866124,0.24285714285714285,981.0699999999998,2430.49,396.00999999999993,41209.0,16402500.0,False,True,False,False,True,False,False,False,False,True
Chinstrap,Dream,50.2,18.8,202.0,3800.0,MALE,0.053157894736842105,18.81188118811881,0.3745019920318725,0.24851485148514854,943.7600000000001,2520.0400000000004,353.44000000000005,40804.0,14440000.0,False,True,False,False,True,False,False,False,False,True
Chinstrap,Dream,45.6,19.4,194.0,3525.0,FEMALE,0.0550354609929078,18.170103092783506,0.425438596491228,0.23505154639175257,884.64,2079.36,376.35999999999996,37636.0,12425625.0,False,True,False,False,True,False,False,False,True,False
Chinstrap,Dream,51.9,19.5,206.0,3950.0,MALE,0.052151898734177214,19.174757281553397,0.3757225433526012,0.2519417475728155,1012.05,2693.6099999999997,380.25,42436.0,15602500.0,False,True,False,False,True,False,False,False,False,True
Chinstrap,Dream,46.8,16.5,189.0,3650.0,FEMALE,0.051780821917808216,19.312169312169313,0.3525641025641026,0.2476190476190476,772.1999999999999,2190.24,272.25,35721.0,13322500.0,False,True,False,False,True,False,False,False,True,False
Chinstrap,Dream,45.7,17.0,195.0,3650.0,FEMALE,0.05342465753424658,18.71794871794872,0.37199124726477023,0.23435897435897438,776.9000000000001,2088.4900000000002,289.0,38025.0,13322500.0,False,True,False,False,True,False,False,False,True,False
Chinstrap,Dream,55.8,19.8,207.0,4000.0,MALE,0.05175,19.32367149758454,0.3548387096774194,0.26956521739130435,1104.84,3113.64,392.04,42849.0,16000000.0,False,True,False,False,True,False,False,False,False,True
Chinstrap,Dream,43.5,18.1,202.0,3400.0,FEMALE,0.05941176470588235,16.831683168316832,0.41609195402298854,0.21534653465346534,787.35,1892.25,327.61000000000007,40804.0,11560000.0,False,True,False,False,True,False,False,False,True,False
Chinstrap,Dream,49.6,18.2,193.0,3775.0,MALE,0.051125827814569536,19.559585492227978,0.3669354838709677,0.25699481865284973,902.72,2460.1600000000003,331.23999999999995,37249.0,14250625.0,False,True,False,False,True,False,False,False,False,True
Chinstrap,Dream,50.8,19.0,210.0,4100.0,MALE,0.05121951219512195,19.523809523809526,0.37401574803149606,0.2419047619047619,965.1999999999999,2580.64,361.0,44100.0,16810000.0,False,True,False,False,True,False,False,False,False,True
Chinstrap,Dream,50.2,18.7,198.0,3775.0,FEMALE,0.052450331125827816,19.065656565656564,0.3725099601593625,0.25353535353535356,938.74,2520.0400000000004,349.69,39204.0,14250625.0,False,True,False,False,True,False,False,False,True,False
Gentoo,Biscoe,46.1,13.2,211.0,4500.0,FEMALE,0.04688888888888889,21.327014218009477,0.2863340563991323,0.2184834123222749,608.52,2125.21,174.23999999999998,44521.0,20250000.0,False,False,True,True,False,False,False,False,True,False
Gentoo,Biscoe,50.0,16.3,230.0,5700.0,MALE,0.04035087719298246,24.782608695652176,0.326,0.21739130434782608,815.0,2500.0,265.69,52900.0,32490000.0,False,False,True,True,False,False,False,False,False,True
Gentoo,Biscoe,48.7,14.1,210.0,4450.0,FEMALE,0.04719101123595506,21.19047619047619,0.2895277207392197,0.23190476190476192,686.6700000000001,2371.69,198.81,44100.0,19802500.0,False,False,True,True,False,False,False,False,True,False
Gentoo,Biscoe,50.0,15.2,218.0,5700.0,MALE,0.03824561403508772,26.146788990825687,0.304,0.22935779816513763,760.0,2500.0,231.04,47524.0,32490000.0,False,False,True,True,False,False,False,False,False,True
Gentoo,Biscoe,47.6,14.5,215.0,5400.0,MALE,0.03981481481481482,25.11627906976744,0.30462184873949577,0.22139534883720932,690.2,2265.76,210.25,46225.0,29160000.0,False,False,True,True,False,False,False,False,False,True
Gentoo,Biscoe,46.5,13.5,210.0,4550.0,FEMALE,0.046153846153846156,21.666666666666668,0.2903225806451613,0.22142857142857142,627.75,2162.25,182.25,44100.0,20702500.0,False,False,True,True,False,False,False,False,True,False
Gentoo,Biscoe,45.4,14.6,211.0,4800.0,FEMALE,0.043958333333333335,22.748815165876778,0.32158590308370044,0.21516587677725119,662.8399999999999,2061.16,213.16,44521.0,23040000.0,False,False,True,True,False,False,False,False,True,False
Gentoo,Biscoe,46.7,15.3,219.0,5200.0,MALE,0.04211538461538462,23.744292237442924,0.32762312633832974,0.2132420091324201,714.5100000000001,2180.8900000000003,234.09000000000003,47961.0,27040000.0,False,False,True,True,False,False,False,False,False,True
Gentoo,Biscoe,43.3,13.4,209.0,4400.0,FEMALE,0.0475,21.05263157894737,0.3094688221709007,0.20717703349282296,580.22,1874.8899999999996,179.56,43681.0,19360000.0,False,False,True,True,False,False,False,False,True,False
Gentoo,Biscoe,46.8,15.4,215.0,5150.0,MALE,0.04174757281553398,23.953488372093023,0.3290598290598291,0.21767441860465114,720.72,2190.24,237.16000000000003,46225.0,26522500.0,False,False,True,True,False,False,False,False,False,True
Gentoo,Biscoe,40.9,13.7,214.0,4650.0,FEMALE,0.046021505376344085,21.72897196261682,0.33496332518337407,0.1911214953271028,560.3299999999999,1672.81,187.68999999999997,45796.0,21622500.0,False,False,True,True,False,False,False,False,True,False
Gentoo,Biscoe,49.0,16.1,216.0,5550.0,MALE,0.03891891891891892,25.694444444444443,0.3285714285714286,0.22685185185185186,788.9000000000001,2401.0,259.21000000000004,46656.0,30802500.0,False,False,True,True,False,False,False,False,False,True
Gentoo,Biscoe,45.5,13.7,214.0,4650.0,FEMALE,0.046021505376344085,21.72897196261682,0.3010989010989011,0.21261682242990654,623.35,2070.25,187.68999999999997,45796.0,21622500.0,False,False,True,True,False,False,False,False,True,False
Gentoo,Biscoe,48.4,14.6,213.0,5850.0,MALE,0.03641025641025641,27.464788732394368,0.30165289256198347,0.2272300469483568,706.64,2342.56,213.16,45369.0,34222500.0,False,False,True,True,False,False,False,False,False,True
Gentoo,Biscoe,45.8,14.6,210.0,4200.0,FEMALE,0.05,20.0,0.31877729257641924,0.2180952380952381,668.68,2097.64,213.16,44100.0,17640000.0,False,False,True,True,False,False,False,False,True,False
Gentoo,Biscoe,49.3,15.7,217.0,5850.0,MALE,0.03709401709401709,26.95852534562212,0.3184584178498986,0.2271889400921659,774.0099999999999,2430.49,246.48999999999998,47089.0,34222500.0,False,False,True,True,False,False,False,False,False,True
Gentoo,Biscoe,42.0,13.5,210.0,4150.0,FEMALE,0.05060240963855422,19.761904761904763,0.32142857142857145,0.2,567.0,1764.0,182.25,44100.0,17222500.0,False,False,True,True,False,False,False,False,True,False
Gentoo,Biscoe,49.2,15.2,221.0,6300.0,MALE,0.03507936507936508,28.506787330316744,0.30894308943089427,0.22262443438914029,747.84,2420.6400000000003,231.04,48841.0,39690000.0,False,False,True,True,False,False,False,False,False,True
Gentoo,Biscoe,46.2,14.5,209.0,4800.0,FEMALE,0.043541666666666666,22.966507177033492,0.31385281385281383,0.2210526315789474,669.9000000000001,2134.44,210.25,43681.0,23040000.0,False,False,True,True,False,False,False,False,True,False
Gentoo,Biscoe,48.7,15.1,222.0,5350.0,MALE,0.041495327102803736,24.0990990990991,0.31006160164271046,0.21936936936936938,735.37,2371.69,228.01,49284.0,28622500.0,False,False,True,True,False,False,False,False,False,True
Gentoo,Biscoe,50.2,14.3,218.0,5700.0,MALE,0.03824561403508772,26.146788990825687,0.2848605577689243,0.23027522935779818,717.8600000000001,2520.0400000000004,204.49,47524.0,32490000.0,False,False,True,True,False,False,False,False,False,True
Gentoo,Biscoe,45.1,14.5,215.0,5000.0,FEMALE,0.043,23.25581395348837,0.32150776053215074,0.20976744186046511,653.95,2034.0100000000002,210.25,46225.0,25000000.0,False,False,True,True,False,False,False,False,True,False
Gentoo,Biscoe,46.5,14.5,213.0,4400.0,FEMALE,0.04840909090909091,20.657276995305164,0.3118279569892473,0.21830985915492956,674.25,2162.25,210.25,45369.0,19360000.0,False,False,True,True,False,False,False,False,True,False
Gentoo,Biscoe,46.3,15.8,215.0,5050.0,MALE,0.04257425742574258,23.488372093023255,0.3412526997840173,0.2153488372093023,731.54,2143.6899999999996,249.64000000000001,46225.0,25502500.0,False,False,True,True,False,False,False,False,False,True
Gentoo,Biscoe,42.9,13.1,215.0,5000.0,FEMALE,0.043,23.25581395348837,0.30536130536130535,0.19953488372093023,561.99,1840.4099999999999,171.60999999999999,46225.0,25000000.0,False,False,True,True,False,False,False,False,True,False
Gentoo,Biscoe,46.1,15.1,215.0,5100.0,MALE,0.04215686274509804,23.72093023255814,0.3275488069414316,0.2144186046511628,696.11,2125.21,228.01,46225.0,26010000.0,False,False,True,True,False,False,False,False,False,True
Gentoo,Biscoe,44.5,14.3,216.0,4100.0,0,0.05268292682926829,18.98148148148148,0.32134831460674157,0.20601851851851852,636.35,1980.25,204.49,46656.0,16810000.0,False,False,True,True,False,False,True,False,False,False
Gentoo,Biscoe,47.8,15.0,215.0,5650.0,MALE,0.03805309734513274,26.27906976744186,0.3138075313807532,0.22232558139534883,717.0,2284.8399999999997,225.0,46225.0,31922500.0,False,False,True,True,False,False,False,False,False,True
Gentoo,Biscoe,48.2,14.3,210.0,4600.0,FEMALE,0.04565217391304348,21.904761904761905,0.2966804979253112,0.22952380952380955,689.2600000000001,2323.2400000000002,204.49,44100.0,21160000.0,False,False,True,True,False,False,False,False,True,False
Gentoo,Biscoe,50.0,15.3,220.0,5550.0,MALE,0.03963963963963964,25.227272727272727,0.306,0.22727272727272727,765.0,2500.0,234.09000000000003,48400.0,30802500.0,False,False,True,True,False,False,False,False,False,True
Gentoo,Biscoe,47.3,15.3,222.0,5250.0,MALE,0.04228571428571429,23.64864864864865,0.3234672304439747,0.21306306306306305,723.6899999999999,2237.2899999999995,234.09000000000003,49284.0,27562500.0,False,False,True,True,False,False,False,False,False,True
Gentoo,Biscoe,42.8,14.2,209.0,4700.0,FEMALE,0.044468085106382976,22.48803827751196,0.3317757009345794,0.2047846889952153,607.7599999999999,1831.8399999999997,201.64,43681.0,22090000.0,False,False,True,True,False,False,False,False,True,False
Gentoo,Biscoe,45.1,14.5,207.0,5050.0,FEMALE,0.04099009900990099,24.396135265700483,0.32150776053215074,0.2178743961352657,653.95,2034.0100000000002,210.25,42849.0,25502500.0,False,False,True,True,False,False,False,False,True,False
Gentoo,Biscoe,59.6,17.0,230.0,6050.0,MALE,0.03801652892561983,26.304347826086957,0.28523489932885904,0.2591304347826087,1013.2,3552.1600000000003,289.0,52900.0,36602500.0,False,False,True,True,False,False,False,False,False,True
Gentoo,Biscoe,49.1,14.8,220.0,5150.0,FEMALE,0.04271844660194175,23.40909090909091,0.3014256619144603,0.22318181818181818,726.6800000000001,2410.81,219.04000000000002,48400.0,26522500.0,False,False,True,True,False,False,False,False,True,False
Gentoo,Biscoe,48.4,16.3,220.0,5400.0,MALE,0.040740740740740744,24.545454545454547,0.3367768595041323,0.22,788.92,2342.56,265.69,48400.0,29160000.0,False,False,True,True,False,False,False,False,False,True
Gentoo,Biscoe,42.6,13.7,213.0,4950.0,FEMALE,0.04303030303030303,23.239436619718308,0.3215962441314554,0.2,583.62,1814.7600000000002,187.68999999999997,45369.0,24502500.0,False,False,True,True,False,False,False,False,True,False
Gentoo,Biscoe,44.4,17.3,219.0,5250.0,MALE,0.04171428571428572,23.972602739726028,0.38963963963963966,0.20273972602739726,768.12,1971.36,299.29,47961.0,27562500.0,False,False,True,True,False,False,False,False,False,True
Gentoo,Biscoe,44.0,13.6,208.0,4350.0,FEMALE,0.04781609195402299,20.91346153846154,0.3090909090909091,0.21153846153846154,598.4,1936.0,184.95999999999998,43264.0,18922500.0,False,False,True,True,False,False,False,False,True,False
Gentoo,Biscoe,48.7,15.7,208.0,5350.0,MALE,0.0388785046728972,25.721153846153847,0.3223819301848049,0.23413461538461539,764.59,2371.69,246.48999999999998,43264.0,28622500.0,False,False,True,True,False,False,False,False,False,True
Gentoo,Biscoe,42.7,13.7,208.0,3950.0,FEMALE,0.052658227848101265,18.990384615384617,0.3208430913348946,0.20528846153846156,584.99,1823.2900000000002,187.68999999999997,43264.0,15602500.0,False,False,True,True,False,False,False,False,True,False
Gentoo,Biscoe,49.6,16.0,225.0,5700.0,MALE,0.039473684210526314,25.333333333333332,0.3225806451612903,0.22044444444444444,793.6,2460.1600000000003,256.0,50625.0,32490000.0,False,False,True,True,False,False,False,False,False,True
Gentoo,Biscoe,45.3,13.7,210.0,4300.0,FEMALE,0.04883720930232558,20.476190476190474,0.30242825607064017,0.2157142857142857,620.6099999999999,2052.0899999999997,187.68999999999997,44100.0,18490000.0,False,False,True,True,False,False,False,False,True,False
Gentoo,Biscoe,49.6,15.0,216.0,4750.0,MALE,0.04547368421052632,21.99074074074074,0.3024193548387097,0.22962962962962963,744.0,2460.1600000000003,225.0,46656.0,22562500.0,False,False,True,True,False,False,False,False,False,True
Gentoo,Biscoe,50.5,15.9,222.0,5550.0,MALE,0.04,25.0,0.31485148514851485,0.22747747747747749,802.95,2550.25,252.81,49284.0,30802500.0,False,False,True,True,False,False,False,False,False,True
Gentoo,Biscoe,43.6,13.9,217.0,4900.0,FEMALE,0.04428571428571428,22.580645161290324,0.31880733944954126,0.20092165898617512,606.0400000000001,1900.96,193.21,47089.0,24010000.0,False,False,True,True,False,False,False,False,True,False
Gentoo,Biscoe,45.5,13.9,210.0,4200.0,FEMALE,0.05,20.0,0.3054945054945055,0.21666666666666667,632.45,2070.25,193.21,44100.0,17640000.0,False,False,True,True,False,False,False,False,True,False
Gentoo,Biscoe,50.5,15.9,225.0,5400.0,MALE,0.041666666666666664,24.0,0.31485148514851485,0.22444444444444445,802.95,2550.25,252.81,50625.0,29160000.0,False,False,True,True,False,False,False,False,False,True
Gentoo,Biscoe,44.9,13.3,213.0,5100.0,FEMALE,0.04176470588235294,23.943661971830984,0.2962138084632517,0.2107981220657277,597.17,2016.0099999999998,176.89000000000001,45369.0,26010000.0,False,False,True,True,False,False,False,False,True,False
Gentoo,Biscoe,45.2,15.8,215.0,5300.0,MALE,0.040566037735849055,24.651162790697676,0.3495575221238938,0.2102325581395349,714.1600000000001,2043.0400000000002,249.64000000000001,46225.0,28090000.0,False,False,True,True,False,False,False,False,False,True
Gentoo,Biscoe,46.6,14.2,210.0,4850.0,FEMALE,0.04329896907216495,23.095238095238095,0.30472103004291845,0.2219047619047619,661.72,2171.56,201.64,44100.0,23522500.0,False,False,True,True,False,False,False,False,True,False
Gentoo,Biscoe,48.5,14.1,220.0,5300.0,MALE,0.04150943396226415,24.09090909090909,0.29072164948453605,0.22045454545454546,683.85,2352.25,198.81,48400.0,28090000.0,False,False,True,True,False,False,False,False,False,True
Gentoo,Biscoe,45.1,14.4,210.0,4400.0,FEMALE,0.04772727272727273,20.952380952380953,0.31929046563192903,0.21476190476190476,649.44,2034.0100000000002,207.36,44100.0,19360000.0,False,False,True,True,False,False,False,False,True,False
Gentoo,Biscoe,50.1,15.0,225.0,5000.0,MALE,0.045,22.22222222222222,0.2994011976047904,0.22266666666666668,751.5,2510.01,225.0,50625.0,25000000.0,False,False,True,True,False,False,False,False,False,True
Gentoo,Biscoe,46.5,14.4,217.0,4900.0,FEMALE,0.04428571428571428,22.580645161290324,0.3096774193548387,0.21428571428571427,669.6,2162.25,207.36,47089.0,24010000.0,False,False,True,True,False,False,False,False,True,False
Gentoo,Biscoe,45.0,15.4,220.0,5050.0,MALE,0.04356435643564356,22.954545454545453,0.3422222222222222,0.20454545454545456,693.0,2025.0,237.16000000000003,48400.0,25502500.0,False,False,True,True,False,False,False,False,False,True
Gentoo,Biscoe,43.8,13.9,208.0,4300.0,FEMALE,0.04837209302325581,20.673076923076923,0.317351598173516,0.21057692307692305,608.8199999999999,1918.4399999999998,193.21,43264.0,18490000.0,False,False,True,True,False,False,False,False,True,False
Gentoo,Biscoe,45.5,15.0,220.0,5000.0,MALE,0.044,22.727272727272727,0.32967032967032966,0.20681818181818182,682.5,2070.25,225.0,48400.0,25000000.0,False,False,True,True,False,False,False,False,False,True
Gentoo,Biscoe,43.2,14.5,208.0,4450.0,FEMALE,0.046741573033707864,21.39423076923077,0.33564814814814814,0.2076923076923077,626.4000000000001,1866.2400000000002,210.25,43264.0,19802500.0,False,False,True,True,False,False,False,False,True,False
Gentoo,Biscoe,50.4,15.3,224.0,5550.0,MALE,0.04036036036036036,24.776785714285715,0.3035714285714286,0.225,771.12,2540.16,234.09000000000003,50176.0,30802500.0,False,False,True,True,False,False,False,False,False,True
Gentoo,Biscoe,45.3,13.8,208.0,4200.0,FEMALE,0.049523809523809526,20.192307692307693,0.30463576158940403,0.21778846153846151,625.14,2052.0899999999997,190.44000000000003,43264.0,17640000.0,False,False,True,True,False,False,False,False,True,False
Gentoo,Biscoe,46.2,14.9,221.0,5300.0,MALE,0.04169811320754717,23.981900452488688,0.3225108225108225,0.20904977375565612,688.3800000000001,2134.44,222.01000000000002,48841.0,28090000.0,False,False,True,True,False,False,False,False,False,True
Gentoo,Biscoe,45.7,13.9,214.0,4400.0,FEMALE,0.04863636363636364,20.560747663551403,0.3041575492341357,0.21355140186915889,635.23,2088.4900000000002,193.21,45796.0,19360000.0,False,False,True,True,False,False,False,False,True,False
Gentoo,Biscoe,54.3,15.7,231.0,5650.0,MALE,0.04088495575221239,24.458874458874458,0.289134438305709,0.23506493506493506,852.5099999999999,2948.49,246.48999999999998,53361.0,31922500.0,False,False,True,True,False,False,False,False,False,True
Gentoo,Biscoe,45.8,14.2,219.0,4700.0,FEMALE,0.046595744680851064,21.461187214611872,0.31004366812227074,0.20913242009132418,650.3599999999999,2097.64,201.64,47961.0,22090000.0,False,False,True,True,False,False,False,False,True,False
Gentoo,Biscoe,49.8,16.8,230.0,5700.0,MALE,0.04035087719298246,24.782608695652176,0.3373493975903615,0.21652173913043476,836.64,2480.0399999999995,282.24,52900.0,32490000.0,False,False,True,True,False,False,False,False,False,True
Gentoo,Biscoe,46.2,14.4,214.0,4650.0,0,0.046021505376344085,21.72897196261682,0.3116883116883117,0.21588785046728973,665.2800000000001,2134.44,207.36,45796.0,21622500.0,False,False,True,True,False,False,True,False,False,False
Gentoo,Biscoe,49.5,16.2,229.0,5800.0,MALE,0.03948275862068965,25.32751091703057,0.32727272727272727,0.21615720524017468,801.9,2450.25,262.44,52441.0,33640000.0,False,False,True,True,False,False,False,False,False,True
Gentoo,Biscoe,43.5,14.2,220.0,4700.0,FEMALE,0.04680851063829787,21.363636363636363,0.32643678160919537,0.19772727272727272,617.6999999999999,1892.25,201.64,48400.0,22090000.0,False,False,True,True,False,False,False,False,True,False
Gentoo,Biscoe,50.7,15.0,223.0,5550.0,MALE,0.04018018018018018,24.887892376681613,0.29585798816568043,0.22735426008968612,760.5,2570.4900000000002,225.0,49729.0,30802500.0,False,False,True,True,False,False,False,False,False,True
Gentoo,Biscoe,47.7,15.0,216.0,4750.0,FEMALE,0.04547368421052632,21.99074074074074,0.31446540880503143,0.22083333333333335,715.5,2275.2900000000004,225.0,46656.0,22562500.0,False,False,True,True,False,False,False,False,True,False
Gentoo,Biscoe,46.4,15.6,221.0,5000.0,MALE,0.0442,22.624434389140273,0.33620689655172414,0.20995475113122172,723.8399999999999,2152.96,243.35999999999999,48841.0,25000000.0,False,False,True,True,False,False,False,False,False,True
Gentoo,Biscoe,48.2,15.6,221.0,5100.0,MALE,0.043333333333333335,23.076923076923077,0.32365145228215764,0.21809954751131222,751.9200000000001,2323.2400000000002,243.35999999999999,48841.0,26010000.0,False,False,True,True,False,False,False,False,False,True
Gentoo,Biscoe,46.5,14.8,217.0,5200.0,FEMALE,0.04173076923076923,23.963133640552996,0.31827956989247314,0.21428571428571427,688.2,2162.25,219.04000000000002,47089.0,27040000.0,False,False,True,True,False,False,False,False,True,False
Gentoo,Biscoe,46.4,15.0,216.0,4700.0,FEMALE,0.04595744680851064,21.75925925925926,0.3232758620689655,0.21481481481481482,696.0,2152.96,225.0,46656.0,22090000.0,False,False,True,True,False,False,False,False,True,False
Gentoo,Biscoe,48.6,16.0,230.0,5800.0,MALE,0.039655172413793106,25.217391304347824,0.3292181069958848,0.21130434782608695,777.6,2361.96,256.0,52900.0,33640000.0,False,False,True,True,False,False,False,False,False,True
Gentoo,Biscoe,47.5,14.2,209.0,4600.0,FEMALE,0.04543478260869565,22.00956937799043,0.29894736842105263,0.22727272727272727,674.5,2256.25,201.64,43681.0,21160000.0,False,False,True,True,False,False,False,False,True,False
Gentoo,Biscoe,51.1,16.3,220.0,6000.0,MALE,0.03666666666666667,27.272727272727273,0.31898238747553814,0.23227272727272727,832.9300000000001,2611.21,265.69,48400.0,36000000.0,False,False,True,True,False,False,False,False,False,True
Gentoo,Biscoe,45.2,13.8,215.0,4750.0,FEMALE,0.045263157894736845,22.093023255813954,0.3053097345132743,0.2102325581395349,623.7600000000001,2043.0400000000002,190.44000000000003,46225.0,22562500.0,False,False,True,True,False,False,False,False,True,False
Gentoo,Biscoe,45.2,16.4,223.0,5950.0,MALE,0.03747899159663866,26.681614349775785,0.3628318584070796,0.20269058295964126,741.28,2043.0400000000002,268.96,49729.0,35402500.0,False,False,True,True,False,False,False,False,False,True
Gentoo,Biscoe,49.1,14.5,212.0,4625.0,FEMALE,0.04583783783783784,21.816037735849058,0.29531568228105903,0.23160377358490566,711.95,2410.81,210.25,44944.0,21390625.0,False,False,True,True,False,False,False,False,True,False
Gentoo,Biscoe,52.5,15.6,221.0,5450.0,MALE,0.04055045871559633,24.660633484162897,0.29714285714285715,0.23755656108597284,819.0,2756.25,243.35999999999999,48841.0,29702500.0,False,False,True,True,False,False,False,False,False,True
Gentoo,Biscoe,47.4,14.6,212.0,4725.0,FEMALE,0.04486772486772487,22.287735849056602,0.3080168776371308,0.22358490566037736,692.04,2246.7599999999998,213.16,44944.0,22325625.0,False,False,True,True,False,False,False,False,True,False
Gentoo,Biscoe,50.0,15.9,224.0,5350.0,MALE,0.041869158878504675,23.883928571428573,0.318,0.22321428571428573,795.0,2500.0,252.81,50176.0,28622500.0,False,False,True,True,False,False,False,False,False,True
Gentoo,Biscoe,44.9,13.8,212.0,4750.0,FEMALE,0.04463157894736842,22.40566037735849,0.3073496659242762,0.21179245283018866,619.62,2016.0099999999998,190.44000000000003,44944.0,22562500.0,False,False,True,True,False,False,False,False,True,False
Gentoo,Biscoe,50.8,17.3,228.0,5600.0,MALE,0.04071428571428572,24.56140350877193,0.3405511811023622,0.22280701754385965,878.84,2580.64,299.29,51984.0,31360000.0,False,False,True,True,False,False,False,False,False,True
Gentoo,Biscoe,43.4,14.4,218.0,4600.0,FEMALE,0.04739130434782609,21.10091743119266,0.3317972350230415,0.19908256880733943,624.96,1883.56,207.36,47524.0,21160000.0,False,False,True,True,False,False,False,False,True,False
Gentoo,Biscoe,51.3,14.2,218.0,5300.0,MALE,0.041132075471698115,24.31192660550459,0.27680311890838205,0.2353211009174312,728.4599999999999,2631.6899999999996,201.64,47524.0,28090000.0,False,False,True,True,False,False,False,False,False,True
Gentoo,Biscoe,47.5,14.0,212.0,4875.0,FEMALE,0.043487179487179485,22.995283018867923,0.29473684210526313,0.2240566037735849,665.0,2256.25,196.0,44944.0,23765625.0,False,False,True,True,False,False,False,False,True,False
Gentoo,Biscoe,52.1,17.0,230.0,5550.0,MALE,0.04144144144144144,24.130434782608695,0.32629558541266795,0.2265217391304348,885.7,2714.4100000000003,289.0,52900.0,30802500.0,False,False,True,True,False,False,False,False,False,True
Gentoo,Biscoe,47.5,15.0,218.0,4950.0,FEMALE,0.04404040404040404,22.706422018348626,0.3157894736842105,0.21788990825688073,712.5,2256.25,225.0,47524.0,24502500.0,False,False,True,True,False,False,False,False,True,False
Gentoo,Biscoe,52.2,17.1,228.0,5400.0,MALE,0.042222222222222223,23.68421052631579,0.3275862068965517,0.22894736842105265,892.6200000000001,2724.84,292.41,51984.0,29160000.0,False,False,True,True,False,False,False,False,False,True
Gentoo,Biscoe,45.5,14.5,212.0,4750.0,FEMALE,0.04463157894736842,22.40566037735849,0.31868131868131866,0.21462264150943397,659.75,2070.25,210.25,44944.0,22562500.0,False,False,True,True,False,False,False,False,True,False
Gentoo,Biscoe,49.5,16.1,224.0,5650.0,MALE,0.03964601769911504,25.223214285714285,0.3252525252525253,0.22098214285714285,796.95,2450.25,259.21000000000004,50176.0,31922500.0,False,False,True,True,False,False,False,False,False,True
Gentoo,Biscoe,44.5,14.7,214.0,4850.0,FEMALE,0.044123711340206186,22.66355140186916,0.3303370786516854,0.20794392523364486,654.15,1980.25,216.08999999999997,45796.0,23522500.0,False,False,True,True,False,False,False,False,True,False
Gentoo,Biscoe,50.8,15.7,226.0,5200.0,MALE,0.04346153846153846,23.008849557522122,0.3090551181102362,0.22477876106194689,797.56,2580.64,246.48999999999998,51076.0,27040000.0,False,False,True,True,False,False,False,False,False,True
Gentoo,Biscoe,49.4,15.8,216.0,4925.0,MALE,0.04385786802030457,22.800925925925927,0.31983805668016196,0.2287037037037037,780.52,2440.3599999999997,249.64000000000001,46656.0,24255625.0,False,False,True,True,False,False,False,False,False,True
Gentoo,Biscoe,46.9,14.6,222.0,4875.0,FEMALE,0.04553846153846154,21.95945945945946,0.31130063965884863,0.21126126126126127,684.74,2199.6099999999997,213.16,49284.0,23765625.0,False,False,True,True,False,False,False,False,True,False
Gentoo,Biscoe,48.4,14.4,203.0,4625.0,FEMALE,0.04389189189189189,22.783251231527093,0.2975206611570248,0.23842364532019703,696.96,2342.56,207.36,41209.0,21390625.0,False,False,True,True,False,False,False,False,True,False
Gentoo,Biscoe,51.1,16.5,225.0,5250.0,MALE,0.04285714285714286,23.333333333333332,0.32289628180039137,0.22711111111111112,843.15,2611.21,272.25,50625.0,27562500.0,False,False,True,True,False,False,False,False,False,True
Gentoo,Biscoe,48.5,15.0,219.0,4850.0,FEMALE,0.045154639175257735,22.14611872146119,0.30927835051546393,0.22146118721461186,727.5,2352.25,225.0,47961.0,23522500.0,False,False,True,True,False,False,False,False,True,False
Gentoo,Biscoe,55.9,17.0,228.0,5600.0,MALE,0.04071428571428572,24.56140350877193,0.3041144901610018,0.2451754385964912,950.3,3124.81,289.0,51984.0,31360000.0,False,False,True,True,False,False,False,False,False,True
Gentoo,Biscoe,47.2,15.5,215.0,4975.0,FEMALE,0.04321608040201005,23.13953488372093,0.32838983050847453,0.21953488372093025,731.6,2227.84,240.25,46225.0,24750625.0,False,False,True,True,False,False,False,False,True,False
Gentoo,Biscoe,49.1,15.0,228.0,5500.0,MALE,0.04145454545454545,24.12280701754386,0.30549898167006106,0.21535087719298246,736.5,2410.81,225.0,51984.0,30250000.0,False,False,True,True,False,False,False,False,False,True
Gentoo,Biscoe,47.3,13.8,216.0,4725.0,0,0.045714285714285714,21.875,0.29175475687103597,0.21898148148148147,652.74,2237.2899999999995,190.44000000000003,46656.0,22325625.0,False,False,True,True,False,False,True,False,False,False
Gentoo,Biscoe,46.8,16.1,215.0,5500.0,MALE,0.03909090909090909,25.58139534883721,0.34401709401709407,0.21767441860465114,753.48,2190.24,259.21000000000004,46225.0,30250000.0,False,False,True,True,False,False,False,False,False,True
Gentoo,Biscoe,41.7,14.7,210.0,4700.0,FEMALE,0.04468085106382979,22.38095238095238,0.35251798561151076,0.1985714285714286,612.99,1738.8900000000003,216.08999999999997,44100.0,22090000.0,False,False,True,True,False,False,False,False,True,False
Gentoo,Biscoe,53.4,15.8,219.0,5500.0,MALE,0.039818181818181815,25.114155251141554,0.2958801498127341,0.24383561643835616,843.72,2851.56,249.64000000000001,47961.0,30250000.0,False,False,True,True,False,False,False,False,False,True
Gentoo,Biscoe,43.3,14.0,208.0,4575.0,FEMALE,0.04546448087431694,21.995192307692307,0.32332563510392615,0.2081730769230769,606.1999999999999,1874.8899999999996,196.0,43264.0,20930625.0,False,False,True,True,False,False,False,False,True,False
Gentoo,Biscoe,48.1,15.1,209.0,5500.0,MALE,0.038,26.31578947368421,0.3139293139293139,0.23014354066985646,726.3100000000001,2313.61,228.01,43681.0,30250000.0,False,False,True,True,False,False,False,False,False,True
Gentoo,Biscoe,50.5,15.2,216.0,5000.0,FEMALE,0.0432,23.14814814814815,0.300990099009901,0.2337962962962963,767.5999999999999,2550.25,231.04,46656.0,25000000.0,False,False,True,True,False,False,False,False,True,False
Gentoo,Biscoe,49.8,15.9,229.0,5950.0,MALE,0.038487394957983194,25.982532751091703,0.31927710843373497,0.21746724890829694,791.8199999999999,2480.0399999999995,252.81,52441.0,35402500.0,False,False,True,True,False,False,False,False,False,True
Gentoo,Biscoe,43.5,15.2,213.0,4650.0,FEMALE,0.045806451612903226,21.830985915492956,0.34942528735632183,0.20422535211267606,661.1999999999999,1892.25,231.04,45369.0,21622500.0,False,False,True,True,False,False,False,False,True,False
Gentoo,Biscoe,51.5,16.3,230.0,5500.0,MALE,0.04181818181818182,23.91304347826087,0.31650485436893205,0.22391304347826088,839.45,2652.25,265.69,52900.0,30250000.0,False,False,True,True,False,False,False,False,False,True
Gentoo,Biscoe,46.2,14.1,217.0,4375.0,FEMALE,0.0496,20.161290322580644,0.3051948051948052,0.21290322580645163,651.4200000000001,2134.44,198.81,47089.0,19140625.0,False,False,True,True,False,False,False,False,True,False
Gentoo,Biscoe,55.1,16.0,230.0,5850.0,MALE,0.039316239316239315,25.434782608695652,0.29038112522686027,0.23956521739130435,881.6,3036.01,256.0,52900.0,34222500.0,False,False,True,True,False,False,False,False,False,True
Gentoo,Biscoe,44.5,15.7,217.0,4875.0,.,0.04451282051282051,22.465437788018434,0.35280898876404493,0.20506912442396313,698.65,1980.25,246.48999999999998,47089.0,23765625.0,False,False,True,True,False,False,False,True,False,False
Gentoo,Biscoe,48.8,16.2,222.0,6000.0,MALE,0.037,27.027027027027028,0.3319672131147541,0.2198198198198198,790.56,2381.4399999999996,262.44,49284.0,36000000.0,False,False,True,True,False,False,False,False,False,True
Gentoo,Biscoe,47.2,13.7,214.0,4925.0,FEMALE,0.04345177664974619,23.014018691588785,0.29025423728813554,0.2205607476635514,646.64,2227.84,187.68999999999997,45796.0,24255625.0,False,False,True,True,False,False,False,False,True,False
Gentoo,Biscoe,44.45,17.3,197.0,4050.0,0,0.04864197530864198,20.558375634517766,0.3892013498312711,0.22563451776649748,768.9850000000001,1975.8025000000002,299.29,38809.0,16402500.0,False,False,True,True,False,False,True,False,False,False
Gentoo,Biscoe,46.8,14.3,215.0,4850.0,FEMALE,0.0443298969072165,22.558139534883722,0.3055555555555556,0.21767441860465114,669.24,2190.24,204.49,46225.0,23522500.0,False,False,True,True,False,False,False,False,True,False
Gentoo,Biscoe,50.4,15.7,222.0,5750.0,MALE,0.03860869565217391,25.9009009009009,0.3115079365079365,0.227027027027027,791.28,2540.16,246.48999999999998,49284.0,33062500.0,False,False,True,True,False,False,False,False,False,True
Gentoo,Biscoe,45.2,14.8,212.0,5200.0,FEMALE,0.040769230769230766,24.528301886792452,0.3274336283185841,0.21320754716981133,668.96,2043.0400000000002,219.04000000000002,44944.0,27040000.0,False,False,True,True,False,False,False,False,True,False
Gentoo,Biscoe,49.9,16.1,213.0,5400.0,MALE,0.03944444444444444,25.35211267605634,0.32264529058116237,0.23427230046948355,803.3900000000001,2490.0099999999998,259.21000000000004,45369.0,29160000.0,False,False,True,True,False,False,False,False,False,True
